point_id,cable_id,freq_mhz,value,unit,temp_c,source_id,source_ref,att_db_100m,model_db_100m,dev_pct,note
A0001,BEL-83265,1,2.6,dB/100ft,,S014,Attenuation / Power Rating tabloları,8.530183727,8.674022492,0.01686232905,
A0002,BEL-83265,10,5.6,dB/100ft,,S014,Attenuation / Power Rating tabloları,18.37270341,17.55920547,-0.04427753069,
A0003,BEL-83265,50,10.5,dB/100ft,,S014,Attenuation / Power Rating tabloları,34.4488189,33.97757963,-0.0136794026,
A0004,BEL-83265,100,14,dB/100ft,,S014,Attenuation / Power Rating tabloları,45.93175853,46.58101851,0.01413531721,
A0005,BEL-83265,200,19,dB/100ft,,S014,Attenuation / Power Rating tabloları,62.33595801,64.84493357,0.04024925005,
A0006,BEL-83265,400,28,dB/100ft,,S014,Attenuation / Power Rating tabloları,91.86351706,91.55393169,-0.003370057882,
A0007,BEL-83265,700,37,dB/100ft,,S014,Attenuation / Power Rating tabloları,121.3910761,122.1916219,0.006594766085,
A0008,BEL-83265,900,42.5,dB/100ft,,S014,Attenuation / Power Rating tabloları,139.4356955,139.5310856,0.0006841153285,
A0009,BEL-83265,1000,46,dB/100ft,,S014,Attenuation / Power Rating tabloları,150.9186352,147.6000234,-0.0219894102,
A0010,BEL-8216,1,1.9,dB/100ft,,S006,Attenuation tablosu (Nom.),6.233595801,6.246361924,0.002047954995,
A0011,BEL-8216,10,3.3,dB/100ft,,S006,Attenuation tablosu (Nom.),10.82677165,10.63432656,-0.01777492882,
A0012,BEL-8216,50,5.8,dB/100ft,,S006,Attenuation tablosu (Nom.),19.02887139,19.75608767,0.03821646906,
A0013,BEL-8216,100,8.4,dB/100ft,,S006,Attenuation tablosu (Nom.),27.55905512,27.59511677,0.001308522906,
A0014,BEL-8216,200,12.5,dB/100ft,,S006,Attenuation tablosu (Nom.),41.01049869,40.14938155,-0.02099748022,
A0015,BEL-8216,400,19,dB/100ft,,S006,Attenuation tablosu (Nom.),62.33595801,60.84020007,-0.02399510625,
A0016,BEL-8216,700,27,dB/100ft,,S006,Attenuation tablosu (Nom.),88.58267717,87.63554749,-0.01069204165,
A0017,BEL-8216,900,31,dB/100ft,,S006,Attenuation tablosu (Nom.),101.7060367,104.110804,0.02364429197,
A0018,BEL-8216,1000,34,dB/100ft,,S006,Attenuation tablosu (Nom.),111.5485564,112.0781216,0.004747395696,
A0019,BEL-84316,1,1.2,dB/100ft,,S015,Attenuation tablosu,3.937007874,3.859477262,-0.01969277553,
A0020,BEL-84316,10,2.7,dB/100ft,,S015,Attenuation tablosu,8.858267717,9.190263557,0.03747864151,
A0021,BEL-84316,50,5.6,dB/100ft,,S015,Attenuation tablosu,18.37270341,19.20725926,0.04542368242,
A0022,BEL-84316,100,8.3,dB/100ft,,S015,Attenuation tablosu,27.23097113,27.03425185,-0.007224100683,
A0023,BEL-84316,200,12,dB/100ft,,S015,Attenuation tablosu,39.37007874,38.57283859,-0.02024989986,
A0024,BEL-84316,400,17.5,dB/100ft,,S015,Attenuation tablosu,57.41469816,55.82995976,-0.02760161521,
A0025,BEL-84316,700,23.7,dB/100ft,,S015,Attenuation tablosu,77.75590551,76.12855235,-0.02092899768,
A0026,BEL-84316,900,27.3,dB/100ft,,S015,Attenuation tablosu,89.56692913,87.83193962,-0.01937087193,
A0027,BEL-84316,1000,29,dB/100ft,,S015,Attenuation tablosu,95.14435696,93.32751623,-0.01909562247,
A0028,BEL-84316,1500,36.5,dB/100ft,,S015,Attenuation tablosu,119.7506562,118.3903959,-0.01135910488,
A0029,BEL-84316,2000,42.5,dB/100ft,,S015,Attenuation tablosu,139.4356955,140.77753,0.009623321053,
A0030,BEL-84316,2400,47.2,dB/100ft,,S015,Attenuation tablosu,154.855643,157.4284709,0.01661436282,
A0031,BEL-84316,3000,53.6,dB/100ft,,S015,Attenuation tablosu,175.8530184,180.9172709,0.02879821223,
A0032,BEL-83269,1,1.2,dB/100ft,,S016,Attenuation tablosu,3.937007874,3.901399776,-0.009044456928,
A0033,BEL-83269,10,2.7,dB/100ft,,S016,Attenuation tablosu,8.858267717,9.038839045,0.02038449661,
A0034,BEL-83269,50,5.6,dB/100ft,,S016,Attenuation tablosu,18.37270341,18.86340556,0.02670821677,
A0035,BEL-83269,100,8.3,dB/100ft,,S016,Attenuation tablosu,27.23097113,26.67878052,-0.02027803584,
A0036,BEL-83269,200,12,dB/100ft,,S016,Attenuation tablosu,39.37007874,38.3948226,-0.02477150593,
A0037,BEL-83269,400,17.5,dB/100ft,,S016,Attenuation tablosu,57.41469816,56.29067384,-0.01957729226,
A0038,BEL-83269,700,23.7,dB/100ft,,S016,Attenuation tablosu,77.75590551,77.81982028,0.0008219924264,
A0039,BEL-83269,900,27.3,dB/100ft,,S016,Attenuation tablosu,89.56692913,90.43276977,0.009666968022,
A0040,BEL-83269,1000,29,dB/100ft,,S016,Attenuation tablosu,95.14435696,96.40049382,0.01320243162,
A0041,TMS-LMR100A,30,3.9,dB/100ft,25,S001,"Attenuation tablosu (+25°C), LMR100A sütunu",12.79527559,12.83083216,0.002778882916,
A0042,TMS-LMR100A,50,5.1,dB/100ft,25,S001,"Attenuation tablosu (+25°C), LMR100A sütunu",16.73228346,16.65632172,-0.004539831511,
A0043,TMS-LMR100A,150,8.9,dB/100ft,25,S001,"Attenuation tablosu (+25°C), LMR100A sütunu",29.19947507,29.27900082,0.002723533597,
A0044,TMS-LMR100A,220,10.9,dB/100ft,25,S001,"Attenuation tablosu (+25°C), LMR100A sütunu",35.76115486,35.69606764,-0.001820053564,
A0045,TMS-LMR100A,450,15.8,dB/100ft,25,S001,"Attenuation tablosu (+25°C), LMR100A sütunu",51.83727034,51.86028017,0.0004438857746,
A0046,TMS-LMR100A,700,20,dB/100ft,25,S001,"Attenuation tablosu (+25°C), LMR100A sütunu",65.6167979,65.4907617,-0.001920791712,
A0047,TMS-LMR100A,900,22.8,dB/100ft,25,S001,"Attenuation tablosu (+25°C), LMR100A sütunu",74.80314961,74.87433869,0.0009516856647,
A0048,TMS-LMR100A,1500,30,dB/100ft,25,S001,"Attenuation tablosu (+25°C), LMR100A sütunu",98.42519685,98.60531453,0.001829995629,
A0049,TMS-LMR100A,2000,35,dB/100ft,25,S001,"Attenuation tablosu (+25°C), LMR100A sütunu",114.8293963,115.3921175,0.004900497965,
A0050,TMS-LMR100A,2500,40,dB/100ft,25,S001,"Attenuation tablosu (+25°C), LMR100A sütunu",131.2335958,130.5185418,-0.005448711654,
A0051,BEL-8259,1,0.4,dB/100ft,,S004,Attenuation tablosu (Nom.),1.312335958,1.313674157,0.001019707669,
A0052,BEL-8259,10,1.5,dB/100ft,,S004,Attenuation tablosu (Nom.),4.921259843,4.908625039,-0.002567392168,
A0053,BEL-8259,50,3.7,dB/100ft,,S004,Attenuation tablosu (Nom.),12.13910761,12.0012104,-0.01135974881,
A0054,BEL-8259,100,5.4,dB/100ft,,S004,Attenuation tablosu (Nom.),17.71653543,17.81706093,0.005674105989,
A0055,BEL-8259,200,8.1,dB/100ft,,S004,Attenuation tablosu (Nom.),26.57480315,26.77496517,0.007532022558,
A0056,BEL-8259,400,12.4,dB/100ft,,S004,Attenuation tablosu (Nom.),40.6824147,40.90945389,0.005580769702,
A0057,BEL-8259,700,17.7,dB/100ft,,S004,Attenuation tablosu (Nom.),58.07086614,58.48122464,0.007066512469,
A0058,BEL-8259,900,21.1,dB/100ft,,S004,Attenuation tablosu (Nom.),69.22572178,69.00742214,-0.003153447028,
A0059,BEL-8259,1000,22.8,dB/100ft,,S004,Attenuation tablosu (Nom.),74.80314961,74.03914971,-0.01021347226,
A0060,MP-RG58CU,10,4.7,dB/100m,20,S028,"Katalog s.17 Quick reference comparison, RG 58 C/U",4.7,4.664606113,-0.007530614187,
A0061,MP-RG58CU,28,7.9,dB/100m,20,S028,"Katalog s.17 Quick reference comparison, RG 58 C/U",7.9,8.005020664,0.01329375488,
A0062,MP-RG58CU,50,10.8,dB/100m,20,S028,"Katalog s.17 Quick reference comparison, RG 58 C/U",10.8,10.85651605,0.005232967601,
A0063,MP-RG58CU,100,15.8,dB/100m,20,S028,"Katalog s.17 Quick reference comparison, RG 58 C/U",15.8,15.66795041,-0.008357569072,
A0064,MP-RG58CU,144,19.3,dB/100m,20,S028,"Katalog s.17 Quick reference comparison, RG 58 C/U",19.3,19.03792603,-0.01357896209,
A0065,MP-RG58CU,200,22.1,dB/100m,20,S028,"Katalog s.17 Quick reference comparison, RG 58 C/U",22.1,22.72347695,0.02821162692,
A0066,MP-RG58CU,430,34.9,dB/100m,20,S028,"Katalog s.17 Quick reference comparison, RG 58 C/U",34.9,34.56296314,-0.009657216549,
A0067,MP-RG58CU,800,51.1,dB/100m,20,S028,"Katalog s.17 Quick reference comparison, RG 58 C/U",51.1,49.02964154,-0.04051582114,
A0068,MP-RG58CU,1296,63,dB/100m,20,S028,"Katalog s.17 Quick reference comparison, RG 58 C/U",63,64.82789848,0.02901426158,
A0069,BEL-8219,1,0.4,dB/100ft,,S020,Attenuation tablosu,1.312335958,1.312409962,5.639096988e-05,
A0070,BEL-8219,10,1.3,dB/100ft,,S020,Attenuation tablosu,4.265091864,4.277104843,0.002816581677,
A0071,BEL-8219,50,3.1,dB/100ft,,S020,Attenuation tablosu,10.17060367,10.05400428,-0.01146435326,
A0072,BEL-8219,100,4.5,dB/100ft,,S020,Attenuation tablosu,14.76377953,14.73514779,-0.001939323052,
A0073,BEL-8219,200,6.6,dB/100ft,,S020,Attenuation tablosu,21.65354331,21.87066195,0.01002693365,
A0074,BEL-8219,400,10,dB/100ft,,S020,Attenuation tablosu,32.80839895,32.99255789,0.005613164586,
A0075,BEL-8219,700,14.2,dB/100ft,,S020,Attenuation tablosu,46.58792651,46.65232187,0.001382232835,
A0076,BEL-8219,900,16.6,dB/100ft,,S020,Attenuation tablosu,54.46194226,54.76918585,0.005641436597,
A0077,BEL-8219,1000,18.1,dB/100ft,,S020,Attenuation tablosu,59.3832021,58.63492891,-0.01260075511,
A0078,BEL-9273,1,0.4,dB/100ft,,S017,Attenuation / Power Rating tabloları,1.312335958,1.302885545,-0.007201214483,
A0079,BEL-9273,10,1.2,dB/100ft,,S017,Attenuation / Power Rating tabloları,3.937007874,4.044322358,0.02725787892,
A0080,BEL-9273,50,2.8,dB/100ft,,S017,Attenuation / Power Rating tabloları,9.186351706,9.225663083,0.004279324169,
A0081,BEL-9273,100,4.1,dB/100ft,,S017,Attenuation / Power Rating tabloları,13.45144357,13.29853034,-0.0113677933,
A0082,BEL-9273,200,6,dB/100ft,,S017,Attenuation / Power Rating tabloları,19.68503937,19.33687259,-0.01768687228,
A0083,BEL-9273,400,8.8,dB/100ft,,S017,Attenuation / Power Rating tabloları,28.87139108,28.43325438,-0.01517546176,
A0084,BEL-9273,700,12,dB/100ft,,S017,Attenuation / Power Rating tabloları,39.37007874,39.21681894,-0.003892799023,
A0085,BEL-9273,900,13.8,dB/100ft,,S017,Attenuation / Power Rating tabloları,45.27559055,45.46927299,0.004277855552,
A0086,BEL-9273,1000,14.5,dB/100ft,,S017,Attenuation / Power Rating tabloları,47.57217848,48.41314142,0.0176776211,
A0087,HAR-M17-128-RG400,100,4.1,dB/100ft,,S019,Attenuation (typical) tablosu,13.45144357,13.46429546,0.000955428464,
A0088,HAR-M17-128-RG400,400,8.6,dB/100ft,,S019,Attenuation (typical) tablosu,28.2152231,28.11096901,-0.003694958745,
A0089,HAR-M17-128-RG400,1000,14.2,dB/100ft,,S019,Attenuation (typical) tablosu,46.58792651,46.678977,0.001954379625,
A0090,HAR-M17-128-RG400,2000,21.2,dB/100ft,,S019,Attenuation (typical) tablosu,69.55380577,69.59471958,0.0005882324755,
A0091,HAR-M17-128-RG400,2400,23.6,dB/100ft,,S019,Attenuation (typical) tablosu,77.42782152,77.51785035,0.001162745255,
A0092,HAR-M17-128-RG400,3000,27,dB/100ft,,S019,Attenuation (typical) tablosu,88.58267717,88.6085161,0.0002916928134,
A0093,HAR-M17-128-RG400,5000,37,dB/100ft,,S019,Attenuation (typical) tablosu,121.3910761,121.3057564,-0.0007028498614,
A0094,HAR-M17-128-RG400,10000,57.8,dB/100ft,,S019,Attenuation (typical) tablosu,189.6325459,189.5330958,-0.000524435804,
A0095,HAR-M17-128-RG400,12400,66.7,dB/100ft,,S019,Attenuation (typical) tablosu,218.832021,218.8208225,-5.117411398e-05,
A0096,TMS-LMR195,30,2,dB/100ft,25,S001,"Attenuation tablosu (+25°C), LMR195 sütunu",6.56167979,6.582351703,0.003150399526,
A0097,TMS-LMR195,50,2.6,dB/100ft,25,S001,"Attenuation tablosu (+25°C), LMR195 sütunu",8.530183727,8.455756536,-0.008725156832,
A0098,TMS-LMR195,150,4.4,dB/100ft,25,S001,"Attenuation tablosu (+25°C), LMR195 sütunu",14.43569554,14.6046642,0.01170491978,
A0099,TMS-LMR195,220,5.4,dB/100ft,25,S001,"Attenuation tablosu (+25°C), LMR195 sütunu",17.71653543,17.71223783,-0.0002425758257,
A0100,TMS-LMR195,450,7.8,dB/100ft,25,S001,"Attenuation tablosu (+25°C), LMR195 sütunu",25.59055118,25.4885405,-0.003986263465,
A0101,TMS-LMR195,700,9.8,dB/100ft,25,S001,"Attenuation tablosu (+25°C), LMR195 sütunu",32.15223097,31.99213879,-0.004979193399,
A0102,TMS-LMR195,900,11.1,dB/100ft,25,S001,"Attenuation tablosu (+25°C), LMR195 sütunu",36.41732283,36.4426251,0.0006947864287,
A0103,TMS-LMR195,1500,14.5,dB/100ft,25,S001,"Attenuation tablosu (+25°C), LMR195 sütunu",47.57217848,47.60749018,0.0007422763501,
A0104,TMS-LMR195,2000,16.9,dB/100ft,25,S001,"Attenuation tablosu (+25°C), LMR195 sütunu",55.44619423,55.43278576,-0.0002418284727,
A0105,TMS-LMR195,2500,19,dB/100ft,25,S001,"Attenuation tablosu (+25°C), LMR195 sütunu",62.33595801,62.436639,0.001615135037,
A0106,BEL-83242,1,0.3,dB/100ft,,S018,Attenuation tablosu,0.9842519685,0.9858945874,0.001668900798,
A0107,BEL-83242,10,1.1,dB/100ft,,S018,Attenuation tablosu,3.608923885,3.60617126,-0.0007627271662,
A0108,BEL-83242,50,2.6,dB/100ft,,S018,Attenuation tablosu,8.530183727,8.451192818,-0.009260165024,
A0109,BEL-83242,100,3.8,dB/100ft,,S018,Attenuation tablosu,12.4671916,12.17305868,-0.02359255677,
A0110,BEL-83242,200,5.6,dB/100ft,,S018,Attenuation tablosu,18.37270341,17.5702382,-0.04367703523,
A0111,BEL-83242,400,6.9,dB/100ft,,S018,Attenuation tablosu,22.63779528,25.47033538,0.1251243801,
A0112,BEL-83242,700,10.7,dB/100ft,,S018,Attenuation tablosu,35.10498688,34.54206984,-0.01603524417,
A0113,BEL-83242,900,12.3,dB/100ft,,S018,Attenuation tablosu,40.35433071,39.680343,-0.0167017441,
A0114,BEL-83242,1000,13.1,dB/100ft,,S018,Attenuation tablosu,42.97900262,42.07238566,-0.02109441614,
A0115,BEL-83242,2000,19.3,dB/100ft,,S018,Attenuation tablosu,63.32020997,62.26026621,-0.01673942268,
A0116,BEL-83242,3000,24.2,dB/100ft,,S018,Attenuation tablosu,79.39632546,78.81281107,-0.007349387896,
A0117,BEL-83242,5000,32.6,dB/100ft,,S018,Attenuation tablosu,106.9553806,106.9517579,-3.387070649e-05,
A0118,BEL-83242,8000,43.2,dB/100ft,,S018,Attenuation tablosu,141.7322835,142.9866381,0.008850168598,
A0119,BEL-9258,1,0.3,dB/100ft,,S007,Attenuation tablosu (Nom.),0.9842519685,0.9786858416,-0.00565518492,
A0120,BEL-9258,10,0.9,dB/100ft,,S007,Attenuation tablosu (Nom.),2.952755906,3.019638287,0.0226508331,
A0121,BEL-9258,50,2.1,dB/100ft,,S007,Attenuation tablosu (Nom.),6.88976378,6.908403475,0.002705418661,
A0122,BEL-9258,100,3.1,dB/100ft,,S007,Attenuation tablosu (Nom.),10.17060367,9.990525896,-0.01770571189,
A0123,BEL-9258,200,4.5,dB/100ft,,S007,Attenuation tablosu (Nom.),14.76377953,14.59528673,-0.01141257854,
A0124,BEL-9258,400,6.6,dB/100ft,,S007,Attenuation tablosu (Nom.),21.65354331,21.59936498,-0.002502053605,
A0125,BEL-9258,700,9.1,dB/100ft,,S007,Attenuation tablosu (Nom.),29.85564304,29.98831769,0.004443871552,
A0126,BEL-9258,900,10.7,dB/100ft,,S007,Attenuation tablosu (Nom.),35.10498688,34.88787087,-0.006184762367,
A0127,BEL-9258,1000,11.2,dB/100ft,,S007,Attenuation tablosu (Nom.),36.74540682,37.20270092,0.01244493229,
A0128,TMS-LMR200,30,1.8,dB/100ft,25,S001,"Attenuation tablosu (+25°C), LMR200 sütunu",5.905511811,5.891348773,-0.00239827444,
A0129,TMS-LMR200,50,2.3,dB/100ft,25,S001,"Attenuation tablosu (+25°C), LMR200 sütunu",7.545931759,7.57277494,0.003557305083,
A0130,TMS-LMR200,150,4,dB/100ft,25,S001,"Attenuation tablosu (+25°C), LMR200 sütunu",13.12335958,13.0801791,-0.003290352874,
A0131,TMS-LMR200,220,4.8,dB/100ft,25,S001,"Attenuation tablosu (+25°C), LMR200 sütunu",15.7480315,15.85709404,0.006925471522,
A0132,TMS-LMR200,450,7,dB/100ft,25,S001,"Attenuation tablosu (+25°C), LMR200 sütunu",22.96587927,22.78778798,-0.007754603203,
A0133,TMS-LMR200,700,8.7,dB/100ft,25,S001,"Attenuation tablosu (+25°C), LMR200 sütunu",28.54330709,28.56506455,0.0007622613779,
A0134,TMS-LMR200,900,9.9,dB/100ft,25,S001,"Attenuation tablosu (+25°C), LMR200 sütunu",32.48031496,32.50893268,0.0008810788523,
A0135,TMS-LMR200,1500,12.9,dB/100ft,25,S001,"Attenuation tablosu (+25°C), LMR200 sütunu",42.32283465,42.37027763,0.001120978485,
A0136,TMS-LMR200,2000,15,dB/100ft,25,S001,"Attenuation tablosu (+25°C), LMR200 sütunu",49.21259843,49.25560994,0.0008739938941,
A0137,TMS-LMR200,2500,16.9,dB/100ft,25,S001,"Attenuation tablosu (+25°C), LMR200 sütunu",55.44619423,55.40077069,-0.0008192362337,
A0138,RCB-RWC200PE,30,5.9,dB/100m,20,S013,"RWC 200, katalog s.69, Zayıflama @20 °C max.",5.9,5.895502068,-0.0007623612798,Maksimum değer
A0139,RCB-RWC200PE,50,7.5,dB/100m,20,S013,"RWC 200, katalog s.69, Zayıflama @20 °C max.",7.5,7.504461299,0.0005948398246,Maksimum değer
A0140,RCB-RWC200PE,150,12.8,dB/100m,20,S013,"RWC 200, katalog s.69, Zayıflama @20 °C max.",12.8,12.81097393,0.0008573379159,Maksimum değer
A0141,RCB-RWC200PE,220,15.5,dB/100m,20,S013,"RWC 200, katalog s.69, Zayıflama @20 °C max.",15.5,15.50729769,0.0004708187818,Maksimum değer
A0142,RCB-RWC200PE,450,22.3,dB/100m,20,S013,"RWC 200, katalog s.69, Zayıflama @20 °C max.",22.3,22.29531333,-0.0002101647439,Maksimum değer
A0143,RCB-RWC200PE,900,32,dB/100m,20,S013,"RWC 200, katalog s.69, Zayıflama @20 °C max.",32,31.9510372,-0.00153008747,Maksimum değer
A0144,RCB-RWC200PE,1500,41.9,dB/100m,20,S013,"RWC 200, katalog s.69, Zayıflama @20 °C max.",41.9,41.89775792,-5.351027191e-05,Maksimum değer
A0145,RCB-RWC200PE,1800,46.2,dB/100m,20,S013,"RWC 200, katalog s.69, Zayıflama @20 °C max.",46.2,46.21582837,0.0003426053647,Maksimum değer
A0146,RCB-RWC200PE,2000,48.9,dB/100m,20,S013,"RWC 200, katalog s.69, Zayıflama @20 °C max.",48.9,48.92842153,0.0005812174809,Maksimum değer
A0147,RCB-RWC200PE,2500,55.3,dB/100m,20,S013,"RWC 200, katalog s.69, Zayıflama @20 °C max.",55.3,55.26012288,-0.0007211052666,Maksimum değer
A0148,RCB-RWC200PE,5800,88.5,dB/100m,20,S013,"RWC 200, katalog s.69, Zayıflama @20 °C max.",88.5,88.53761019,0.0004249739479,Maksimum değer
A0149,SSB-AIRCELL5,5,2.07,dB/100m,20,S051,Typ. attenuation (dB/100 m @ 20°C),2.07,2.069505753,-0.0002387666689,
A0150,SSB-AIRCELL5,10,2.93,dB/100m,20,S051,Typ. attenuation (dB/100 m @ 20°C),2.93,2.931450487,0.00049504692,
A0151,SSB-AIRCELL5,50,6.61,dB/100m,20,S051,Typ. attenuation (dB/100 m @ 20°C),6.61,6.606863624,-0.000474489521,
A0152,SSB-AIRCELL5,100,9.4,dB/100m,20,S051,Typ. attenuation (dB/100 m @ 20°C),9.4,9.401014412,0.0001079161466,
A0153,SSB-AIRCELL5,144,11.33,dB/100m,20,S051,Typ. attenuation (dB/100 m @ 20°C),11.33,11.32871438,-0.0001134703231,
A0154,SSB-AIRCELL5,200,13.41,dB/100m,20,S051,Typ. attenuation (dB/100 m @ 20°C),13.41,13.41117467,8.759641426e-05,
A0155,SSB-AIRCELL5,300,16.53,dB/100m,20,S051,Typ. attenuation (dB/100 m @ 20°C),16.53,16.53485769,0.0002938710002,
A0156,SSB-AIRCELL5,432,19.99,dB/100m,20,S051,Typ. attenuation (dB/100 m @ 20°C),19.99,19.98541755,-0.0002292370674,
A0157,SSB-AIRCELL5,500,21.57,dB/100m,20,S051,Typ. attenuation (dB/100 m @ 20°C),21.57,21.57122894,5.697455086e-05,
A0158,SSB-AIRCELL5,800,27.62,dB/100m,20,S051,Typ. attenuation (dB/100 m @ 20°C),27.62,27.620367,1.328738022e-05,
A0159,SSB-AIRCELL5,1000,31.09,dB/100m,20,S051,Typ. attenuation (dB/100 m @ 20°C),31.09,31.09153165,4.926501143e-05,
A0160,SSB-AIRCELL5,1296,35.71,dB/100m,20,S051,Typ. attenuation (dB/100 m @ 20°C),35.71,35.71030012,8.404329776e-06,
A0161,SSB-AIRCELL5,1500,38.63,dB/100m,20,S051,Typ. attenuation (dB/100 m @ 20°C),38.63,38.629611,-1.006999202e-05,
A0162,SSB-AIRCELL5,1800,42.63,dB/100m,20,S051,Typ. attenuation (dB/100 m @ 20°C),42.63,42.63031965,7.498239242e-06,
A0163,SSB-AIRCELL5,2000,45.14,dB/100m,20,S051,Typ. attenuation (dB/100 m @ 20°C),45.14,45.14161603,3.580035869e-05,
A0164,SSB-AIRCELL5,2400,49.87,dB/100m,20,S051,Typ. attenuation (dB/100 m @ 20°C),49.87,49.86851801,-2.971715485e-05,
A0165,SSB-AIRCELL5,3000,56.39,dB/100m,20,S051,Typ. attenuation (dB/100 m @ 20°C),56.39,56.38841325,-2.81389218e-05,
A0166,SSB-AIRCELL5,4000,66.19,dB/100m,20,S051,Typ. attenuation (dB/100 m @ 20°C),66.19,66.18412225,-8.880114966e-05,
A0167,SSB-AIRCELL5,5000,75.05,dB/100m,20,S051,Typ. attenuation (dB/100 m @ 20°C),75.05,75.05250592,3.339005789e-05,
A0168,SSB-AIRCELL5,10000,112,dB/100m,20,S051,Typ. attenuation (dB/100 m @ 20°C),112,112.0025674,2.292350339e-05,
A0169,MP-AIRBORNE5,1.8,1.7,dB/100m,20,S010,ATTENUATION (20°C) tablosu,1.7,1.780734657,0.04749097448,
A0170,MP-AIRBORNE5,3.5,2.3,dB/100m,20,S010,ATTENUATION (20°C) tablosu,2.3,2.250938102,-0.02133126011,
A0171,MP-AIRBORNE5,7,3,dB/100m,20,S010,ATTENUATION (20°C) tablosu,3,2.9406348,-0.01978840003,
A0172,MP-AIRBORNE5,10,3.4,dB/100m,20,S010,ATTENUATION (20°C) tablosu,3.4,3.401111849,0.0003270144716,
A0173,MP-AIRBORNE5,14,4,dB/100m,20,S010,ATTENUATION (20°C) tablosu,4,3.918343642,-0.02041408961,
A0174,MP-AIRBORNE5,21,4.8,dB/100m,20,S010,ATTENUATION (20°C) tablosu,4.8,4.670417295,-0.02699639694,
A0175,MP-AIRBORNE5,28,5.5,dB/100m,20,S010,ATTENUATION (20°C) tablosu,5.5,5.30569358,-0.03532844004,
A0176,MP-AIRBORNE5,50,7.1,dB/100m,20,S010,ATTENUATION (20°C) tablosu,7.1,6.905412755,-0.02740665423,
A0177,MP-AIRBORNE5,100,9.4,dB/100m,20,S010,ATTENUATION (20°C) tablosu,9.4,9.554017237,0.01638481243,
A0178,MP-AIRBORNE5,144,11.1,dB/100m,20,S010,ATTENUATION (20°C) tablosu,11.1,11.37380244,0.02466688609,
A0179,MP-AIRBORNE5,200,12.8,dB/100m,20,S010,ATTENUATION (20°C) tablosu,12.8,13.33300129,0.0416407258,
A0180,MP-AIRBORNE5,400,18.3,dB/100m,20,S010,ATTENUATION (20°C) tablosu,18.3,18.74387514,0.02425547203,
A0181,MP-AIRBORNE5,430,19,dB/100m,20,S010,ATTENUATION (20°C) tablosu,19,19.42964149,0.02261270979,
A0182,MP-AIRBORNE5,800,26.5,dB/100m,20,S010,ATTENUATION (20°C) tablosu,26.5,26.52917301,0.001100868422,
A0183,MP-AIRBORNE5,1000,29.8,dB/100m,20,S010,ATTENUATION (20°C) tablosu,29.8,29.71070051,-0.002996627014,
A0184,MP-AIRBORNE5,1296,34.2,dB/100m,20,S010,ATTENUATION (20°C) tablosu,34.2,33.9204937,-0.008172698884,
A0185,MP-AIRBORNE5,2400,47.5,dB/100m,20,S010,ATTENUATION (20°C) tablosu,47.5,46.66984585,-0.01747692948,
A0186,MP-AIRBORNE5,3000,53.5,dB/100m,20,S010,ATTENUATION (20°C) tablosu,53.5,52.46865572,-0.01927746309,
A0187,MP-AIRBORNE5,4000,61,dB/100m,20,S010,ATTENUATION (20°C) tablosu,61,61.10320961,0.001691960801,
A0188,MP-AIRBORNE5,5000,68.6,dB/100m,20,S010,ATTENUATION (20°C) tablosu,68.6,68.8456454,0.003580836754,
A0189,MP-AIRBORNE5,6000,75.6,dB/100m,20,S010,ATTENUATION (20°C) tablosu,75.6,75.95438214,0.004687594491,
A0190,BEL-H155A01,5,2.5,dB/100m,,S008,Attenuation tablosu (Nom.),2.5,2.535272613,0.01410904526,
A0191,BEL-H155A01,50,6.9,dB/100m,,S008,Attenuation tablosu (Nom.),6.9,6.533697018,-0.05308738874,
A0192,BEL-H155A01,100,9.1,dB/100m,,S008,Attenuation tablosu (Nom.),9.1,9.047483102,-0.005771087652,
A0193,BEL-H155A01,230,13.4,dB/100m,,S008,Attenuation tablosu (Nom.),13.4,13.64953796,0.01862223589,
A0194,BEL-H155A01,400,18,dB/100m,,S008,Attenuation tablosu (Nom.),18,18.1510637,0.008392427642,
A0195,BEL-H155A01,800,26.1,dB/100m,,S008,Attenuation tablosu (Nom.),26.1,26.30308055,0.007780863952,
A0196,BEL-H155A01,862,27.3,dB/100m,,S008,Attenuation tablosu (Nom.),27.3,27.4020409,0.003737761783,
A0197,BEL-H155A01,1000,29.6,dB/100m,,S008,Attenuation tablosu (Nom.),29.6,29.74464578,0.004886681831,
A0198,BEL-H155A01,1350,34.9,dB/100m,,S008,Attenuation tablosu (Nom.),34.9,35.19674323,0.008502671448,
A0199,BEL-H155A01,1750,40.3,dB/100m,,S008,Attenuation tablosu (Nom.),40.3,40.82749123,0.01308911236,
A0200,BEL-H155A01,2150,46,dB/100m,,S008,Attenuation tablosu (Nom.),46,46.01963725,0.0004268967889,
A0201,BEL-H155A01,2400,49.1,dB/100m,,S008,Attenuation tablosu (Nom.),49.1,49.09678457,-6.548740334e-05,
A0202,BEL-H155A01,3000,56.3,dB/100m,,S008,Attenuation tablosu (Nom.),56.3,56.07960386,-0.003914673837,
A0203,BEL-H155A01,3600,62.9,dB/100m,,S008,Attenuation tablosu (Nom.),62.9,62.62449018,-0.00438012438,
A0204,BEL-H155A01,4200,69.1,dB/100m,,S008,Attenuation tablosu (Nom.),69.1,68.8375322,-0.003798376275,
A0205,BEL-H155A01,4800,75.1,dB/100m,,S008,Attenuation tablosu (Nom.),75.1,74.78785258,-0.00415642367,
A0206,BEL-H155A01,5400,80.8,dB/100m,,S008,Attenuation tablosu (Nom.),80.8,80.52346408,-0.003422474225,
A0207,BEL-H155A01,6000,86.5,dB/100m,,S008,Attenuation tablosu (Nom.),86.5,86.0793245,-0.004863300621,
A0208,MP-HYPERFLEX5,1.8,1.4,dB/100m,20,S023,ATTENUATION (20°C) / POWER HANDLING (40°C),1.4,1.380821816,-0.01369870299,
A0209,MP-HYPERFLEX5,3.5,1.9,dB/100m,20,S023,ATTENUATION (20°C) / POWER HANDLING (40°C),1.9,1.762819169,-0.07220043737,
A0210,MP-HYPERFLEX5,7,2.3,dB/100m,20,S023,ATTENUATION (20°C) / POWER HANDLING (40°C),2.3,2.325267933,0.010986058,
A0211,MP-HYPERFLEX5,10,2.6,dB/100m,20,S023,ATTENUATION (20°C) / POWER HANDLING (40°C),2.6,2.702193439,0.03930516879,
A0212,MP-HYPERFLEX5,14,3,dB/100m,20,S023,ATTENUATION (20°C) / POWER HANDLING (40°C),3,3.126911626,0.0423038754,
A0213,MP-HYPERFLEX5,21,3.6,dB/100m,20,S023,ATTENUATION (20°C) / POWER HANDLING (40°C),3.6,3.746976417,0.04082678263,
A0214,MP-HYPERFLEX5,28,4.1,dB/100m,20,S023,ATTENUATION (20°C) / POWER HANDLING (40°C),4.1,4.273049053,0.04220708607,
A0215,MP-HYPERFLEX5,50,5.5,dB/100m,20,S023,ATTENUATION (20°C) / POWER HANDLING (40°C),5.5,5.607046131,0.01946293292,
A0216,MP-HYPERFLEX5,100,8,dB/100m,20,S023,ATTENUATION (20°C) / POWER HANDLING (40°C),8,7.844476561,-0.01944042981,
A0217,MP-HYPERFLEX5,144,9.6,dB/100m,20,S023,ATTENUATION (20°C) / POWER HANDLING (40°C),9.6,9.402201059,-0.02060405637,
A0218,MP-HYPERFLEX5,200,11.4,dB/100m,20,S023,ATTENUATION (20°C) / POWER HANDLING (40°C),11.4,11.09755276,-0.02653045924,
A0219,MP-HYPERFLEX5,400,16.3,dB/100m,20,S023,ATTENUATION (20°C) / POWER HANDLING (40°C),16.3,15.87584074,-0.02602204062,
A0220,MP-HYPERFLEX5,430,17,dB/100m,20,S023,ATTENUATION (20°C) / POWER HANDLING (40°C),17,16.49129486,-0.02992383177,
A0221,MP-HYPERFLEX5,800,23.4,dB/100m,20,S023,ATTENUATION (20°C) / POWER HANDLING (40°C),23.4,22.98884737,-0.01757062526,
A0222,MP-HYPERFLEX5,1000,26.4,dB/100m,20,S023,ATTENUATION (20°C) / POWER HANDLING (40°C),26.4,25.97307891,-0.01617125333,
A0223,MP-HYPERFLEX5,1296,30.5,dB/100m,20,S023,ATTENUATION (20°C) / POWER HANDLING (40°C),30.5,29.98828021,-0.01677769813,
A0224,MP-HYPERFLEX5,2400,42.5,dB/100m,20,S023,ATTENUATION (20°C) / POWER HANDLING (40°C),42.5,42.58825605,0.002076612944,
A0225,MP-HYPERFLEX5,3000,48.1,dB/100m,20,S023,ATTENUATION (20°C) / POWER HANDLING (40°C),48.1,48.52655703,0.008868129492,
A0226,MP-HYPERFLEX5,4000,56.9,dB/100m,20,S023,ATTENUATION (20°C) / POWER HANDLING (40°C),56.9,57.59473346,0.01220972689,
A0227,MP-HYPERFLEX5,5000,65.2,dB/100m,20,S023,ATTENUATION (20°C) / POWER HANDLING (40°C),65.2,65.94498188,0.01142610238,
A0228,MP-HYPERFLEX5,6000,72.9,dB/100m,20,S023,ATTENUATION (20°C) / POWER HANDLING (40°C),72.9,73.78526383,0.01214353683,
A0229,TMS-LMR240,30,1.3,dB/100ft,25,S001,"Attenuation tablosu, LMR-240 sütunu",4.265091864,4.272020899,0.001624592377,
A0230,TMS-LMR240,50,1.7,dB/100ft,,S003,Performance by Frequency Band (Typ),5.577427822,5.578629806,0.0002155087062,
A0231,TMS-LMR240,150,3,dB/100ft,,S003,Performance by Frequency Band (Typ),9.842519685,9.854000966,0.001166498123,
A0232,TMS-LMR240,220,3.7,dB/100ft,,S003,Performance by Frequency Band (Typ),12.13910761,12.00724135,-0.01086292859,
A0233,TMS-LMR240,450,5.3,dB/100ft,,S003,Performance by Frequency Band (Typ),17.38845144,17.37439058,-0.0008086324411,
A0234,TMS-LMR240,700,6.6,dB/100ft,25,S001,"Attenuation tablosu, LMR-240 sütunu",21.65354331,21.84099214,0.008656727809,
A0235,TMS-LMR240,900,7.6,dB/100ft,,S003,Performance by Frequency Band (Typ),24.9343832,24.88643167,-0.001923108794,
A0236,TMS-LMR240,1500,9.9,dB/100ft,,S003,Performance by Frequency Band (Typ),32.48031496,32.48874284,0.0002594763834,
A0237,TMS-LMR240,1800,10.9,dB/100ft,,S003,Performance by Frequency Band (Typ),35.76115486,35.74962179,-0.0003225025584,
A0238,TMS-LMR240,2000,11.5,dB/100ft,,S003,Performance by Frequency Band (Typ),37.72965879,37.78657728,0.001508587482,
A0239,TMS-LMR240,2500,12.9,dB/100ft,,S003,Performance by Frequency Band (Typ),42.32283465,42.50812791,0.004378091898,
A0240,TMS-LMR240,5800,20.4,dB/100ft,,S003,Performance by Frequency Band (Typ),66.92913386,66.65255976,-0.004132342355,
A0241,RCB-RWC240PE,30,4.67,dB/100m,20,S013,"RWC 240, katalog s.70, Zayıflama @20 °C max.",4.67,4.66832291,-0.0003591198963,Maksimum değer
A0242,RCB-RWC240PE,50,5.9,dB/100m,20,S013,"RWC 240, katalog s.70, Zayıflama @20 °C max.",5.9,5.903542549,0.0006004320387,Maksimum değer
A0243,RCB-RWC240PE,150,9.99,dB/100m,20,S013,"RWC 240, katalog s.70, Zayıflama @20 °C max.",9.99,9.985384851,-0.0004619768396,Maksimum değer
A0244,RCB-RWC240PE,220,12.06,dB/100m,20,S013,"RWC 240, katalog s.70, Zayıflama @20 °C max.",12.06,12.06392209,0.0003252145042,Maksimum değer
A0245,RCB-RWC240PE,450,17.31,dB/100m,20,S013,"RWC 240, katalog s.70, Zayıflama @20 °C max.",17.31,17.30923283,-4.431969227e-05,Maksimum değer
A0246,RCB-RWC240PE,900,24.8,dB/100m,20,S013,"RWC 240, katalog s.70, Zayıflama @20 °C max.",24.8,24.79924045,-3.062702222e-05,Maksimum değer
A0247,RCB-RWC240PE,1500,32.55,dB/100m,20,S013,"RWC 240, katalog s.70, Zayıflama @20 °C max.",32.55,32.54688799,-9.560704964e-05,Maksimum değer
A0248,RCB-RWC240PE,1800,35.92,dB/100m,20,S013,"RWC 240, katalog s.70, Zayıflama @20 °C max.",35.92,35.91954205,-1.274911588e-05,Maksimum değer
A0249,RCB-RWC240PE,2000,38.04,dB/100m,20,S013,"RWC 240, katalog s.70, Zayıflama @20 °C max.",38.04,38.04092815,2.439933052e-05,Maksimum değer
A0250,RCB-RWC240PE,2500,43,dB/100m,20,S013,"RWC 240, katalog s.70, Zayıflama @20 °C max.",43,43.00039771,9.249180043e-06,Maksimum değer
A0251,RCB-RWC240PE,5800,69.22,dB/100m,20,S013,"RWC 240, katalog s.70, Zayıflama @20 °C max.",69.22,69.22306513,4.428104247e-05,Maksimum değer
A0252,RCB-RG213U-PE,1,0.81,dB/100m,20,S013,"RG 213 U, katalog s.68, Zayıflama @20 °C max.",0.81,0.8100314284,3.880052741e-05,Maksimum değer
A0253,RCB-RG213U-PE,10,2.09,dB/100m,20,S013,"RG 213 U, katalog s.68, Zayıflama @20 °C max.",2.09,2.089696325,-0.0001452991357,Maksimum değer
A0254,RCB-RG213U-PE,50,4.64,dB/100m,20,S013,"RG 213 U, katalog s.68, Zayıflama @20 °C max.",4.64,4.640046358,9.991034861e-06,Maksimum değer
A0255,RCB-RG213U-PE,100,6.75,dB/100m,20,S013,"RG 213 U, katalog s.68, Zayıflama @20 °C max.",6.75,6.751151477,0.0001705892565,Maksimum değer
A0256,RCB-RG213U-PE,200,10.03,dB/100m,20,S013,"RG 213 U, katalog s.68, Zayıflama @20 °C max.",10.03,10.02931473,-6.832217387e-05,Maksimum değer
A0257,RCB-RG213U-PE,400,15.25,dB/100m,20,S013,"RG 213 U, katalog s.68, Zayıflama @20 °C max.",15.25,15.25055718,3.653627724e-05,Maksimum değer
A0258,RCB-RG213U-PE,700,21.8,dB/100m,20,S013,"RG 213 U, katalog s.68, Zayıflama @20 °C max.",21.8,21.80077711,3.564706924e-05,Maksimum değer
A0259,RCB-RG213U-PE,900,25.75,dB/100m,20,S013,"RG 213 U, katalog s.68, Zayıflama @20 °C max.",25.75,25.7480273,-7.660963424e-05,Maksimum değer
A0260,RCB-RG213U-PE,1000,27.64,dB/100m,20,S013,"RG 213 U, katalog s.68, Zayıflama @20 °C max.",27.64,27.63996135,-1.398183874e-06,Maksimum değer
A0261,BEL-8267,1,0.17,dB/100ft,,S005,Attenuation tablosu (Nom.),0.5577427822,0.5610994439,0.0060182971,
A0262,BEL-8267,10,0.55,dB/100ft,,S005,Attenuation tablosu (Nom.),1.804461942,1.768825853,-0.01974887258,
A0263,BEL-8267,50,1.3,dB/100ft,,S005,Attenuation tablosu (Nom.),4.265091864,4.178974186,-0.02019128322,
A0264,BEL-8267,100,1.9,dB/100ft,,S005,Attenuation tablosu (Nom.),6.233595801,6.176451402,-0.009167164496,
A0265,BEL-8267,200,2.7,dB/100ft,,S005,Attenuation tablosu (Nom.),8.858267717,9.281384119,0.04776514058,
A0266,BEL-8267,400,4.1,dB/100ft,,S005,Attenuation tablosu (Nom.),13.45144357,14.23256877,0.05806999057,
A0267,BEL-8267,700,6.5,dB/100ft,,S005,Attenuation tablosu (Nom.),21.32545932,20.45104703,-0.04100321019,
A0268,BEL-8267,900,7.6,dB/100ft,,S005,Attenuation tablosu (Nom.),24.9343832,24.20114658,-0.02940664787,
A0269,BEL-8267,1000,8,dB/100ft,,S005,Attenuation tablosu (Nom.),26.24671916,25.99918026,-0.009431231977,
A0270,BEL-8267,4000,21.5,dB/100ft,,S005,Attenuation tablosu (Nom.),70.53805774,71.09017042,0.00782716017,
A0271,BEL-8268,1,0.17,dB/100ft,,S022,Attenuation / Power Rating tabloları,0.5577427822,0.5582801138,0.0009634039606,
A0272,BEL-8268,10,0.55,dB/100ft,,S022,Attenuation / Power Rating tabloları,1.804461942,1.792857376,-0.006431039494,
A0273,BEL-8268,50,1.3,dB/100ft,,S022,Attenuation / Power Rating tabloları,4.265091864,4.226947581,-0.008943367114,
A0274,BEL-8268,100,1.9,dB/100ft,,S022,Attenuation / Power Rating tabloları,6.233595801,6.221606496,-0.001923336812,
A0275,BEL-8268,200,2.7,dB/100ft,,S022,Attenuation / Power Rating tabloları,8.858267717,9.29219487,0.04898555423,
A0276,BEL-8268,400,4.1,dB/100ft,,S022,Attenuation / Power Rating tabloları,13.45144357,14.13409196,0.05074908041,
A0277,BEL-8268,700,6.5,dB/100ft,,S022,Attenuation / Power Rating tabloları,21.32545932,20.14966508,-0.05513570521,
A0278,BEL-8268,900,7.6,dB/100ft,,S022,Attenuation / Power Rating tabloları,24.9343832,23.75173595,-0.0474303794,
A0279,BEL-8268,1000,8,dB/100ft,,S022,Attenuation / Power Rating tabloları,26.24671916,25.47327113,-0.02946836987,
A0280,BEL-8268,4000,20,dB/100ft,,S022,Attenuation / Power Rating tabloları,65.6167979,67.98384792,0.03607384235,
A0281,MP-RG213U,10,2.1,dB/100m,20,S028,"Katalog s.17 Quick reference comparison, RG 213/U",2.1,2.122717721,0.01081796215,
A0282,MP-RG213U,28,3.4,dB/100m,20,S028,"Katalog s.17 Quick reference comparison, RG 213/U",3.4,3.338728538,-0.01802101828,
A0283,MP-RG213U,50,4.5,dB/100m,20,S028,"Katalog s.17 Quick reference comparison, RG 213/U",4.5,4.401981581,-0.02178187089,
A0284,MP-RG213U,100,6.1,dB/100m,20,S028,"Katalog s.17 Quick reference comparison, RG 213/U",6.1,6.245010079,0.02377214411,
A0285,MP-RG213U,144,7.5,dB/100m,20,S028,"Katalog s.17 Quick reference comparison, RG 213/U",7.5,7.570023726,0.009336496781,
A0286,MP-RG213U,200,9,dB/100m,20,S028,"Katalog s.17 Quick reference comparison, RG 213/U",9,9.049073086,0.005452565089,
A0287,MP-RG213U,430,14.1,dB/100m,20,S028,"Katalog s.17 Quick reference comparison, RG 213/U",14.1,13.9908714,-0.007739616867,
A0288,MP-RG213U,800,20.5,dB/100m,20,S028,"Katalog s.17 Quick reference comparison, RG 213/U",20.5,20.36747956,-0.006464411585,
A0289,MP-RG213U,1296,27.6,dB/100m,20,S028,"Katalog s.17 Quick reference comparison, RG 213/U",27.6,27.6805723,0.002919286195,
A0290,SSB-AIRCELL7,5,1.6,dB/100m,20,S049,Typ. attenuation (dB/100 m @ 20°C),1.6,1.620400366,0.01275022897,
A0291,SSB-AIRCELL7,10,2.2,dB/100m,20,S049,Typ. attenuation (dB/100 m @ 20°C),2.2,2.161729477,-0.01739569208,
A0292,SSB-AIRCELL7,50,4.52,dB/100m,20,S049,Typ. attenuation (dB/100 m @ 20°C),4.52,4.507726083,-0.002715468278,
A0293,SSB-AIRCELL7,100,6.28,dB/100m,20,S049,Typ. attenuation (dB/100 m @ 20°C),6.28,6.330776431,0.008085418975,
A0294,SSB-AIRCELL7,144,7.6,dB/100m,20,S049,Typ. attenuation (dB/100 m @ 20°C),7.6,7.607701239,0.001013320886,
A0295,SSB-AIRCELL7,200,9.04,dB/100m,20,S049,Typ. attenuation (dB/100 m @ 20°C),9.04,9.004238698,-0.003955896287,
A0296,SSB-AIRCELL7,300,11.2,dB/100m,20,S049,Typ. attenuation (dB/100 m @ 20°C),11.2,11.13134823,-0.006129622465,
A0297,SSB-AIRCELL7,432,13.6,dB/100m,20,S049,Typ. attenuation (dB/100 m @ 20°C),13.6,13.52453398,-0.005548972239,
A0298,SSB-AIRCELL7,500,14.72,dB/100m,20,S049,Typ. attenuation (dB/100 m @ 20°C),14.72,14.63920823,-0.005488571117,
A0299,SSB-AIRCELL7,800,19,dB/100m,20,S049,Typ. attenuation (dB/100 m @ 20°C),19,18.97318006,-0.001411575563,
A0300,SSB-AIRCELL7,1000,21.52,dB/100m,20,S049,Typ. attenuation (dB/100 m @ 20°C),21.52,21.51637355,-0.0001685152655,
A0301,SSB-AIRCELL7,1296,24.84,dB/100m,20,S049,Typ. attenuation (dB/100 m @ 20°C),24.84,24.9607045,0.004859279283,
A0302,SSB-AIRCELL7,1500,27.08,dB/100m,20,S049,Typ. attenuation (dB/100 m @ 20°C),27.08,27.17185701,0.003392061055,
A0303,SSB-AIRCELL7,1800,30,dB/100m,20,S049,Typ. attenuation (dB/100 m @ 20°C),30,30.24334295,0.008111431629,
A0304,SSB-AIRCELL7,2000,31.88,dB/100m,20,S049,Typ. attenuation (dB/100 m @ 20°C),31.88,32.19495141,0.009879278928,
A0305,SSB-AIRCELL7,2400,35.6,dB/100m,20,S049,Typ. attenuation (dB/100 m @ 20°C),35.6,35.9159285,0.008874396152,
A0306,SSB-AIRCELL7,3000,40.88,dB/100m,20,S049,Typ. attenuation (dB/100 m @ 20°C),40.88,41.14581022,0.006502207011,
A0307,SSB-AIRCELL7,4000,49.12,dB/100m,20,S049,Typ. attenuation (dB/100 m @ 20°C),49.12,49.20233584,0.001676218311,
A0308,SSB-AIRCELL7,5000,57.04,dB/100m,20,S049,Typ. attenuation (dB/100 m @ 20°C),57.04,56.68733327,-0.006182796784,
A0309,SSB-AIRCELL7,6000,64.9,dB/100m,20,S049,Typ. attenuation (dB/100 m @ 20°C),64.9,63.76635656,-0.01746754142,
A0310,TMS-LMR300,30,1.1,dB/100ft,25,S001,"Attenuation tablosu (+25°C), LMR300 sütunu",3.608923885,3.61129206,0.0006561999353,
A0311,TMS-LMR300,50,1.4,dB/100ft,25,S001,"Attenuation tablosu (+25°C), LMR300 sütunu",4.593175853,4.595570854,0.0005214259624,
A0312,TMS-LMR300,150,2.4,dB/100ft,25,S001,"Attenuation tablosu (+25°C), LMR300 sütunu",7.874015748,7.848131272,-0.003287328487,
A0313,TMS-LMR300,220,2.9,dB/100ft,25,S001,"Attenuation tablosu (+25°C), LMR300 sütunu",9.514435696,9.50436516,-0.001058448012,
A0314,TMS-LMR300,450,4.2,dB/100ft,25,S001,"Attenuation tablosu (+25°C), LMR300 sütunu",13.77952756,13.68391217,-0.006938945726,
A0315,TMS-LMR300,700,5.1,dB/100ft,25,S001,"Attenuation tablosu (+25°C), LMR300 sütunu",16.73228346,17.21624557,0.02892385273,
A0316,TMS-LMR300,900,6.1,dB/100ft,25,S001,"Attenuation tablosu (+25°C), LMR300 sütunu",20.01312336,19.65194072,-0.01804728998,
A0317,TMS-LMR300,1500,7.9,dB/100ft,25,S001,"Attenuation tablosu (+25°C), LMR300 sütunu",25.91863517,25.82511411,-0.003608255647,
A0318,TMS-LMR300,2000,9.2,dB/100ft,25,S001,"Attenuation tablosu (+25°C), LMR300 sütunu",30.18372703,30.20257855,0.0006245590211,
A0319,TMS-LMR300,2500,10.4,dB/100ft,25,S001,"Attenuation tablosu (+25°C), LMR300 sütunu",34.12073491,34.15406385,0.0009767942746,
A0320,CS-FSJ1-50A,0.5,0.407,dB/100m,20,S031,Attenuation / Average Power tablosu,0.407,0.4073573905,0.0008781094159,
A0321,CS-FSJ1-50A,1,0.577,dB/100m,20,S031,Attenuation / Average Power tablosu,0.577,0.5765337089,-0.0008081301727,
A0322,CS-FSJ1-50A,1.5,0.707,dB/100m,20,S031,Attenuation / Average Power tablosu,0.707,0.7065059933,-0.000698736457,
A0323,CS-FSJ1-50A,2,0.816,dB/100m,20,S031,Attenuation / Average Power tablosu,0.816,0.8161847765,0.0002264418026,
A0324,CS-FSJ1-50A,10,1.833,dB/100m,20,S031,Attenuation / Average Power tablosu,1.833,1.832717387,-0.0001541805126,
A0325,CS-FSJ1-50A,20,2.6,dB/100m,20,S031,Attenuation / Average Power tablosu,2.6,2.599889999,-4.230811965e-05,
A0326,CS-FSJ1-50A,30,3.192,dB/100m,20,S031,Attenuation / Average Power tablosu,3.192,3.191736841,-8.244330604e-05,
A0327,CS-FSJ1-50A,50,4.136,dB/100m,20,S031,Attenuation / Average Power tablosu,4.136,4.135922296,-1.878720531e-05,
A0328,CS-FSJ1-50A,88,5.516,dB/100m,20,S031,Attenuation / Average Power tablosu,5.516,5.516518622,9.40213233e-05,
A0329,CS-FSJ1-50A,100,5.889,dB/100m,20,S031,Attenuation / Average Power tablosu,5.889,5.889083519,1.418227585e-05,
A0330,CS-FSJ1-50A,108,6.125,dB/100m,20,S031,Attenuation / Average Power tablosu,6.125,6.125681858,0.000111323789,
A0331,CS-FSJ1-50A,150,7.25,dB/100m,20,S031,Attenuation / Average Power tablosu,7.25,7.250204403,2.819358497e-05,
A0332,CS-FSJ1-50A,174,7.825,dB/100m,20,S031,Attenuation / Average Power tablosu,7.825,7.825697299,8.911169384e-05,
A0333,CS-FSJ1-50A,200,8.408,dB/100m,20,S031,Attenuation / Average Power tablosu,8.408,8.408390275,4.641711163e-05,
A0334,CS-FSJ1-50A,300,10.373,dB/100m,20,S031,Attenuation / Average Power tablosu,10.373,10.37326827,2.586194767e-05,
A0335,CS-FSJ1-50A,400,12.051,dB/100m,20,S031,Attenuation / Average Power tablosu,12.051,12.05115281,1.268027178e-05,
A0336,CS-FSJ1-50A,450,12.817,dB/100m,20,S031,Attenuation / Average Power tablosu,12.817,12.81729834,2.327707761e-05,
A0337,CS-FSJ1-50A,500,13.545,dB/100m,20,S031,Attenuation / Average Power tablosu,13.545,13.54563273,4.671286765e-05,
A0338,CS-FSJ1-50A,512,13.715,dB/100m,20,S031,Attenuation / Average Power tablosu,13.715,13.71545277,3.301249306e-05,
A0339,CS-FSJ1-50A,600,14.909,dB/100m,20,S031,Attenuation / Average Power tablosu,14.909,14.90983467,5.598406101e-05,
A0340,CS-FSJ1-50A,700,16.175,dB/100m,20,S031,Attenuation / Average Power tablosu,16.175,16.1753183,1.967853815e-05,
A0341,CS-FSJ1-50A,800,17.362,dB/100m,20,S031,Attenuation / Average Power tablosu,17.362,17.3626465,3.723636713e-05,
A0342,CS-FSJ1-50A,824,17.637,dB/100m,20,S031,Attenuation / Average Power tablosu,17.637,17.63765703,3.725291707e-05,
A0343,CS-FSJ1-50A,894,18.42,dB/100m,20,S031,Attenuation / Average Power tablosu,18.42,18.42029218,1.586218216e-05,
A0344,CS-FSJ1-50A,960,19.134,dB/100m,20,S031,Attenuation / Average Power tablosu,19.134,19.13396019,-2.080586532e-06,
A0345,CS-FSJ1-50A,1000,19.556,dB/100m,20,S031,Attenuation / Average Power tablosu,19.556,19.55608502,4.347347941e-06,
A0346,CS-FSJ1-50A,1250,22.044,dB/100m,20,S031,Attenuation / Average Power tablosu,22.044,22.04443474,1.972153791e-05,
A0347,CS-FSJ1-50A,1500,24.326,dB/100m,20,S031,Attenuation / Average Power tablosu,24.326,24.3267969,3.275923014e-05,
A0348,CS-FSJ1-50A,1700,26.038,dB/100m,20,S031,Attenuation / Average Power tablosu,26.038,26.03856778,2.180569803e-05,
A0349,CS-FSJ1-50A,1800,26.862,dB/100m,20,S031,Attenuation / Average Power tablosu,26.862,26.86266307,2.468444757e-05,
A0350,CS-FSJ1-50A,2000,28.455,dB/100m,20,S031,Attenuation / Average Power tablosu,28.455,28.45577193,2.712805768e-05,
A0351,CS-FSJ1-50A,2100,29.227,dB/100m,20,S031,Attenuation / Average Power tablosu,29.227,29.22754412,1.861715495e-05,
A0352,CS-FSJ1-50A,2200,29.984,dB/100m,20,S031,Attenuation / Average Power tablosu,29.984,29.98436104,1.204108728e-05,
A0353,CS-FSJ1-50A,2300,30.727,dB/100m,20,S031,Attenuation / Average Power tablosu,30.727,30.72723156,7.536008788e-06,
A0354,CS-FSJ1-50A,2500,32.174,dB/100m,20,S031,Attenuation / Average Power tablosu,32.174,32.17464174,1.994594494e-05,
A0355,CS-FSJ1-50A,2700,33.576,dB/100m,20,S031,Attenuation / Average Power tablosu,33.576,33.57593758,-1.859185252e-06,
A0356,CS-FSJ1-50A,3000,35.602,dB/100m,20,S031,Attenuation / Average Power tablosu,35.602,35.60220114,5.649798403e-06,
A0357,CS-FSJ1-50A,3400,38.183,dB/100m,20,S031,Attenuation / Average Power tablosu,38.183,38.18286024,-3.66029967e-06,
A0358,CS-FSJ1-50A,4000,41.841,dB/100m,20,S031,Attenuation / Average Power tablosu,41.841,41.84107739,1.84970488e-06,
A0359,CS-FSJ1-50A,5000,47.5,dB/100m,20,S031,Attenuation / Average Power tablosu,47.5,47.49997728,-4.782198108e-07,
A0360,CS-FSJ1-50A,6000,52.747,dB/100m,20,S031,Attenuation / Average Power tablosu,52.747,52.74690204,-1.857075724e-06,
A0361,CS-FSJ1-50A,8000,62.37,dB/100m,20,S031,Attenuation / Average Power tablosu,62.37,62.36925298,-1.197718042e-05,
A0362,CS-FSJ1-50A,10000,71.173,dB/100m,20,S031,Attenuation / Average Power tablosu,71.173,71.17139349,-2.257190377e-05,
A0363,CS-FSJ1-50A,12000,79.393,dB/100m,20,S031,Attenuation / Average Power tablosu,79.393,79.39091318,-2.628469505e-05,
A0364,CS-FSJ1-50A,14000,87.172,dB/100m,20,S031,Attenuation / Average Power tablosu,87.172,87.16895118,-3.497475993e-05,
A0365,CS-FSJ1-50A,16000,94.601,dB/100m,20,S031,Attenuation / Average Power tablosu,94.601,94.59746744,-3.734164089e-05,
A0366,CS-FSJ1-50A,18000,101.745,dB/100m,20,S031,Attenuation / Average Power tablosu,101.745,101.7403376,-4.58246738e-05,
A0367,RFS-SCF14-50J,1,0.57,dB/100m,20,S029,Attenuation @20°C / Power @40°C,0.57,0.5699948744,-8.992344633e-06,
A0368,RFS-SCF14-50J,100,5.82,dB/100m,20,S029,Attenuation @20°C / Power @40°C,5.82,5.822277085,0.000391251684,
A0369,RFS-SCF14-50J,200,8.33,dB/100m,20,S029,Attenuation @20°C / Power @40°C,8.33,8.326695022,-0.0003967560886,
A0370,RFS-SCF14-50J,450,12.73,dB/100m,20,S029,Attenuation @20°C / Power @40°C,12.73,12.72890084,-8.634395689e-05,
A0371,RFS-SCF14-50J,700,16.1,dB/100m,20,S029,Attenuation @20°C / Power @40°C,16.1,16.0971941,-0.000174279753,
A0372,RFS-SCF14-50J,800,17.29,dB/100m,20,S029,Attenuation @20°C / Power @40°C,17.29,17.29114962,6.649043147e-05,
A0373,RFS-SCF14-50J,900,18.42,dB/100m,20,S029,Attenuation @20°C / Power @40°C,18.42,18.42226449,0.0001229364509,
A0374,RFS-SCF14-50J,1800,26.9,dB/100m,20,S029,Attenuation @20°C / Power @40°C,26.9,26.89577605,-0.0001570241162,
A0375,RFS-SCF14-50J,2000,28.51,dB/100m,20,S029,Attenuation @20°C / Power @40°C,28.51,28.5147643,0.0001671099292,
A0376,RFS-SCF14-50J,2200,30.07,dB/100m,20,S029,Attenuation @20°C / Power @40°C,30.07,30.07027503,9.146452173e-06,
A0377,RFS-SCF14-50J,2400,31.57,dB/100m,20,S029,Attenuation @20°C / Power @40°C,31.57,31.57079449,2.516587568e-05,
A0378,RFS-SCF14-50J,2700,33.73,dB/100m,20,S029,Attenuation @20°C / Power @40°C,33.73,33.73286925,8.506523759e-05,
A0379,RFS-SCF14-50J,3000,35.8,dB/100m,20,S029,Attenuation @20°C / Power @40°C,35.8,35.8038221,0.0001067625746,
A0380,RFS-SCF14-50J,3500,39.09,dB/100m,20,S029,Attenuation @20°C / Power @40°C,39.09,39.08787354,-5.439917288e-05,
A0381,RFS-SCF14-50J,4000,42.2,dB/100m,20,S029,Attenuation @20°C / Power @40°C,42.2,42.19998711,-3.055188389e-07,
A0382,RFS-SCF14-50J,5000,48.03,dB/100m,20,S029,Attenuation @20°C / Power @40°C,48.03,48.02554442,-9.276667671e-05,
A0383,RFS-SCF14-50J,20400,113.49,dB/100m,20,S029,Attenuation @20°C / Power @40°C,113.49,113.4896014,-3.512456175e-06,
A0384,MP-ULTRAFLEX7,1.8,1.1,dB/100m,20,S024,ATTENUATION (20°C) / POWER HANDLING (40°C),1.1,1.034399167,-0.05963712071,
A0385,MP-ULTRAFLEX7,3.5,1.3,dB/100m,20,S024,ATTENUATION (20°C) / POWER HANDLING (40°C),1.3,1.304813012,0.003702317048,
A0386,MP-ULTRAFLEX7,7,1.7,dB/100m,20,S024,ATTENUATION (20°C) / POWER HANDLING (40°C),1.7,1.703652098,0.002148293047,
A0387,MP-ULTRAFLEX7,10,1.9,dB/100m,20,S024,ATTENUATION (20°C) / POWER HANDLING (40°C),1.9,1.971383916,0.037570482,
A0388,MP-ULTRAFLEX7,14,2.2,dB/100m,20,S024,ATTENUATION (20°C) / POWER HANDLING (40°C),2.2,2.273488615,0.0334039158,
A0389,MP-ULTRAFLEX7,21,2.6,dB/100m,20,S024,ATTENUATION (20°C) / POWER HANDLING (40°C),2.6,2.715341383,0.04436207046,
A0390,MP-ULTRAFLEX7,28,3,dB/100m,20,S024,ATTENUATION (20°C) / POWER HANDLING (40°C),3,3.090944889,0.03031496289,
A0391,MP-ULTRAFLEX7,50,4,dB/100m,20,S024,ATTENUATION (20°C) / POWER HANDLING (40°C),4,4.046306006,0.01157650161,
A0392,MP-ULTRAFLEX7,100,5.8,dB/100m,20,S024,ATTENUATION (20°C) / POWER HANDLING (40°C),5.8,5.657671113,-0.02453946326,
A0393,MP-ULTRAFLEX7,144,6.9,dB/100m,20,S024,ATTENUATION (20°C) / POWER HANDLING (40°C),6.9,6.785832868,-0.0165459611,
A0394,MP-ULTRAFLEX7,200,8.2,dB/100m,20,S024,ATTENUATION (20°C) / POWER HANDLING (40°C),8.2,8.019240814,-0.02204380317,
A0395,MP-ULTRAFLEX7,400,11.8,dB/100m,20,S024,ATTENUATION (20°C) / POWER HANDLING (40°C),11.8,11.52451534,-0.02334615764,
A0396,MP-ULTRAFLEX7,430,12.3,dB/100m,20,S024,ATTENUATION (20°C) / POWER HANDLING (40°C),12.3,11.97891411,-0.02610454398,
A0397,MP-ULTRAFLEX7,800,17.1,dB/100m,20,S024,ATTENUATION (20°C) / POWER HANDLING (40°C),17.1,16.81274337,-0.01679863352,
A0398,MP-ULTRAFLEX7,1000,19.3,dB/100m,20,S024,ATTENUATION (20°C) / POWER HANDLING (40°C),19.3,19.05349837,-0.01277210527,
A0399,MP-ULTRAFLEX7,1296,22.3,dB/100m,20,S024,ATTENUATION (20°C) / POWER HANDLING (40°C),22.3,22.08685044,-0.009558276095,
A0400,MP-ULTRAFLEX7,2400,32.3,dB/100m,20,S024,ATTENUATION (20°C) / POWER HANDLING (40°C),32.3,31.72599215,-0.0177711408,
A0401,MP-ULTRAFLEX7,3000,36.2,dB/100m,20,S024,ATTENUATION (20°C) / POWER HANDLING (40°C),36.2,36.32359733,0.003414290827,
A0402,MP-ULTRAFLEX7,4000,42.6,dB/100m,20,S024,ATTENUATION (20°C) / POWER HANDLING (40°C),42.6,43.40196748,0.01882552763,
A0403,MP-ULTRAFLEX7,5000,49.3,dB/100m,20,S024,ATTENUATION (20°C) / POWER HANDLING (40°C),49.3,49.97431453,0.01367777947,
A0404,MP-ULTRAFLEX7,6000,55.3,dB/100m,20,S024,ATTENUATION (20°C) / POWER HANDLING (40°C),55.3,56.18721773,0.01604372032,
A0405,MP-ULTRAFLEX7,7000,61.6,dB/100m,20,S024,ATTENUATION (20°C) / POWER HANDLING (40°C),61.6,62.1277519,0.008567400896,
A0406,MP-ULTRAFLEX7,8000,68.4,dB/100m,20,S024,ATTENUATION (20°C) / POWER HANDLING (40°C),68.4,67.85265106,-0.008002177467,
A0407,ERI-TZC50032,140,6,dB/100m,,S041,3.1 Electrical values - Maximum attenuation,6,5.968413385,-0.005264435757,Maksimum değer
A0408,ERI-TZC50032,350,9,dB/100m,,S041,3.1 Electrical values - Maximum attenuation,9,9.148446796,0.01649408848,Maksimum değer
A0409,ERI-TZC50032,900,15,dB/100m,,S041,3.1 Electrical values - Maximum attenuation,15,14.69481831,-0.02034544594,Maksimum değer
A0410,ERI-TZC50032,1800,21,dB/100m,,S041,3.1 Electrical values - Maximum attenuation,21,21.264375,0.01258928568,Maksimum değer
A0411,ERI-TZC50032,1900,22,dB/100m,,S041,3.1 Electrical values - Maximum attenuation,22,21.90397572,-0.004364739948,Maksimum değer
A0412,DAV-BURYFLEX,10,0.6,dB/100ft,,S040,Distribütör sayfası tablosu,1.968503937,1.981687051,0.00669702187,
A0413,DAV-BURYFLEX,50,1.1,dB/100ft,,S040,Distribütör sayfası tablosu,3.608923885,3.570709237,-0.01058893156,
A0414,DAV-BURYFLEX,100,1.5,dB/100ft,,S040,Distribütör sayfası tablosu,4.921259843,4.81616039,-0.02135620881,
A0415,DAV-BURYFLEX,200,2,dB/100ft,,S040,Distribütör sayfası tablosu,6.56167979,6.657588289,0.01461645522,
A0416,DAV-BURYFLEX,400,2.8,dB/100ft,,S040,Distribütör sayfası tablosu,9.186351706,9.421948572,0.02564640168,
A0417,DAV-BURYFLEX,700,3.9,dB/100ft,,S040,Distribütör sayfası tablosu,12.79527559,12.68675872,-0.008481010957,
A0418,DAV-BURYFLEX,900,4.4,dB/100ft,,S040,Distribütör sayfası tablosu,14.43569554,14.57465271,0.009625942085,
A0419,DAV-BURYFLEX,1000,4.8,dB/100ft,,S040,Distribütör sayfası tablosu,15.7480315,15.46239885,-0.01813767293,
A0420,RFS-SCF38-50J,100,4.21,dB/100m,20,S030,"Attenuation and Power Rating (75 MHz satırı hatalı, alınmadı)",4.21,4.209087957,-0.000216637383,
A0421,RFS-SCF38-50J,150,5.2,dB/100m,20,S030,"Attenuation and Power Rating (75 MHz satırı hatalı, alınmadı)",5.2,5.198571622,-0.0002746880984,
A0422,RFS-SCF38-50J,200,6.04,dB/100m,20,S030,"Attenuation and Power Rating (75 MHz satırı hatalı, alınmadı)",6.04,6.045312551,0.0008795613748,
A0423,RFS-SCF38-50J,450,9.31,dB/100m,20,S030,"Attenuation and Power Rating (75 MHz satırı hatalı, alınmadı)",9.31,9.306915346,-0.0003313269883,
A0424,RFS-SCF38-50J,700,11.83,dB/100m,20,S030,"Attenuation and Power Rating (75 MHz satırı hatalı, alınmadı)",11.83,11.82933251,-5.642316744e-05,
A0425,RFS-SCF38-50J,800,12.73,dB/100m,20,S030,"Attenuation and Power Rating (75 MHz satırı hatalı, alınmadı)",12.73,12.72865489,-0.0001056649539,
A0426,RFS-SCF38-50J,870,13.33,dB/100m,20,S030,"Attenuation and Power Rating (75 MHz satırı hatalı, alınmadı)",13.33,13.33097251,7.295652702e-05,
A0427,RFS-SCF38-50J,900,13.58,dB/100m,20,S030,"Attenuation and Power Rating (75 MHz satırı hatalı, alınmadı)",13.58,13.58304995,0.0002245912064,
A0428,RFS-SCF38-50J,960,14.08,dB/100m,20,S030,"Attenuation and Power Rating (75 MHz satırı hatalı, alınmadı)",14.08,14.07724719,-0.0001955119427,
A0429,RFS-SCF38-50J,1800,20.05,dB/100m,20,S030,"Attenuation and Power Rating (75 MHz satırı hatalı, alınmadı)",20.05,20.0525442,0.0001268926195,
A0430,RFS-SCF38-50J,2000,21.3,dB/100m,20,S030,"Attenuation and Power Rating (75 MHz satırı hatalı, alınmadı)",21.3,21.30145514,6.831665679e-05,
A0431,RFS-SCF38-50J,2200,22.51,dB/100m,20,S030,"Attenuation and Power Rating (75 MHz satırı hatalı, alınmadı)",22.51,22.50498346,-0.0002228582269,
A0432,RFS-SCF38-50J,2400,23.67,dB/100m,20,S030,"Attenuation and Power Rating (75 MHz satırı hatalı, alınmadı)",23.67,23.6691963,-3.395416489e-05,
A0433,RFS-SCF38-50J,2600,24.8,dB/100m,20,S030,"Attenuation and Power Rating (75 MHz satırı hatalı, alınmadı)",24.8,24.79891857,-4.360612431e-05,
A0434,RFS-SCF38-50J,2700,25.35,dB/100m,20,S030,"Attenuation and Power Rating (75 MHz satırı hatalı, alınmadı)",25.35,25.35209722,8.273058135e-05,
A0435,RFS-SCF38-50J,3000,26.97,dB/100m,20,S030,"Attenuation and Power Rating (75 MHz satırı hatalı, alınmadı)",26.97,26.96985142,-5.509133443e-06,
A0436,RFS-SCF38-50J,3500,29.55,dB/100m,20,S030,"Attenuation and Power Rating (75 MHz satırı hatalı, alınmadı)",29.55,29.54632974,-0.000124205174,
A0437,RFS-SCF38-50J,4000,32,dB/100m,20,S030,"Attenuation and Power Rating (75 MHz satırı hatalı, alınmadı)",32,31.99988277,-3.663483242e-06,
A0438,RFS-SCF38-50J,5000,36.62,dB/100m,20,S030,"Attenuation and Power Rating (75 MHz satırı hatalı, alınmadı)",36.62,36.62196375,5.36251542e-05,
A0439,RFS-SCF38-50J,6000,40.95,dB/100m,20,S030,"Attenuation and Power Rating (75 MHz satırı hatalı, alınmadı)",40.95,40.95426499,0.0001041510647,
A0440,BEL-9914,5,0.4,dB/100ft,,S038,Attenuation / Power Rating tabloları,1.312335958,1.311240453,-0.0008347745864,
A0441,BEL-9914,10,0.5,dB/100ft,,S038,Attenuation / Power Rating tabloları,1.640419948,1.664926249,0.01493904169,
A0442,BEL-9914,50,1,dB/100ft,,S038,Attenuation / Power Rating tabloları,3.280839895,3.198207081,-0.02518648175,
A0443,BEL-9914,100,1.4,dB/100ft,,S038,Attenuation / Power Rating tabloları,4.593175853,4.390207196,-0.04418917616,
A0444,BEL-9914,200,1.8,dB/100ft,,S038,Attenuation / Power Rating tabloları,5.905511811,6.13895787,0.03953019932,
A0445,BEL-9914,400,2.6,dB/100ft,,S038,Attenuation / Power Rating tabloları,8.530183727,8.738080679,0.02437191965,
A0446,BEL-9914,700,3.6,dB/100ft,,S038,Attenuation / Power Rating tabloları,11.81102362,11.77434636,-0.003105341823,
A0447,BEL-9914,900,4.1,dB/100ft,,S038,Attenuation / Power Rating tabloları,13.45144357,13.51619932,0.004814037317,
A0448,BEL-9914,1000,4.4,dB/100ft,,S038,Attenuation / Power Rating tabloları,14.43569554,14.33215587,-0.007172475246,
A0449,BEL-9914,1500,5.5,dB/100ft,,S038,Attenuation / Power Rating tabloları,18.04461942,18.03916065,-0.0003025152099,
A0450,BEL-9914,1800,6.1,dB/100ft,,S038,Attenuation / Power Rating tabloları,20.01312336,20.05318682,0.002001859299,
A0451,BEL-9914,2000,6.5,dB/100ft,,S038,Attenuation / Power Rating tabloları,21.32545932,21.33313952,0.0003601425461,
A0452,BEL-9914,2500,7.5,dB/100ft,,S038,Attenuation / Power Rating tabloları,24.60629921,24.36317208,-0.009880686759,
A0453,BEL-9914,3000,8.3,dB/100ft,,S038,Attenuation / Power Rating tabloları,27.23097113,27.20571541,-0.0009274631342,
A0454,BEL-9914,4000,9.9,dB/100ft,,S038,Attenuation / Power Rating tabloları,32.48031496,32.49418445,0.0004270120927,
A0455,SSB-ECOFLEX10,5,0.8,dB/100m,20,S048,Typ. Dämpfung (dB/100 m @ 20°C),0.8,0.8079206264,0.009900783061,
A0456,SSB-ECOFLEX10,10,1.2,dB/100m,20,S048,Typ. Dämpfung (dB/100 m @ 20°C),1.2,1.180594084,-0.01617159631,
A0457,SSB-ECOFLEX10,50,2.8,dB/100m,20,S048,Typ. Dämpfung (dB/100 m @ 20°C),2.8,2.78857374,-0.004080807297,
A0458,SSB-ECOFLEX10,100,4,dB/100m,20,S048,Typ. Dämpfung (dB/100 m @ 20°C),4,4.030789891,0.007697472847,
A0459,SSB-ECOFLEX10,144,4.9,dB/100m,20,S048,Typ. Dämpfung (dB/100 m @ 20°C),4.9,4.897400783,-0.0005304523531,
A0460,SSB-ECOFLEX10,200,5.8,dB/100m,20,S048,Typ. Dämpfung (dB/100 m @ 20°C),5.8,5.842136945,0.007264990546,
A0461,SSB-ECOFLEX10,300,7.3,dB/100m,20,S048,Typ. Dämpfung (dB/100 m @ 20°C),7.3,7.275396977,-0.003370277185,
A0462,SSB-ECOFLEX10,432,8.9,dB/100m,20,S048,Typ. Dämpfung (dB/100 m @ 20°C),8.9,8.880389533,-0.002203423278,
A0463,SSB-ECOFLEX10,500,9.6,dB/100m,20,S048,Typ. Dämpfung (dB/100 m @ 20°C),9.6,9.625421642,0.002648087669,
A0464,SSB-ECOFLEX10,800,12.5,dB/100m,20,S048,Typ. Dämpfung (dB/100 m @ 20°C),12.5,12.5083899,0.0006711920905,
A0465,SSB-ECOFLEX10,1000,14.2,dB/100m,20,S048,Typ. Dämpfung (dB/100 m @ 20°C),14.2,14.19084604,-0.0006446451681,
A0466,SSB-ECOFLEX10,1296,16.5,dB/100m,20,S048,Typ. Dämpfung (dB/100 m @ 20°C),16.5,16.4597147,-0.002441533239,
A0467,SSB-ECOFLEX10,1500,17.9,dB/100m,20,S048,Typ. Dämpfung (dB/100 m @ 20°C),17.9,17.91084215,0.0006057068226,
A0468,SSB-ECOFLEX10,1800,19.9,dB/100m,20,S048,Typ. Dämpfung (dB/100 m @ 20°C),19.9,19.92014492,0.001012307376,
A0469,SSB-ECOFLEX10,2000,21.2,dB/100m,20,S048,Typ. Dämpfung (dB/100 m @ 20°C),21.2,21.19321238,-0.0003201705865,
A0470,SSB-ECOFLEX10,2400,23.6,dB/100m,20,S048,Typ. Dämpfung (dB/100 m @ 20°C),23.6,23.61323371,0.0005607502166,
A0471,SSB-ECOFLEX10,3000,27,dB/100m,20,S048,Typ. Dämpfung (dB/100 m @ 20°C),27,26.99996258,-1.385777621e-06,
A0472,SSB-ECOFLEX10,4000,32.2,dB/100m,20,S048,Typ. Dämpfung (dB/100 m @ 20°C),32.2,32.18781633,-0.0003783749448,
A0473,SSB-ECOFLEX10,5000,37,dB/100m,20,S048,Typ. Dämpfung (dB/100 m @ 20°C),37,36.98016113,-0.0005361857526,
A0474,SSB-ECOFLEX10,6000,41.5,dB/100m,20,S048,Typ. Dämpfung (dB/100 m @ 20°C),41.5,41.4915637,-0.0002032842646,
A0475,BEL-H1000C1,5,0.8,dB/100m,,S039,Attenuation tablosu (Nom.),0.8,0.8041606845,0.005200855628,
A0476,BEL-H1000C1,50,2.8,dB/100m,,S039,Attenuation tablosu (Nom.),2.8,2.74213007,-0.02066783199,
A0477,BEL-H1000C1,100,4,dB/100m,,S039,Attenuation tablosu (Nom.),4,3.963416829,-0.009145792754,
A0478,BEL-H1000C1,200,5.7,dB/100m,,S039,Attenuation tablosu (Nom.),5.7,5.751511818,0.009037160999,
A0479,BEL-H1000C1,400,8.4,dB/100m,,S039,Attenuation tablosu (Nom.),8.4,8.402129384,0.0002534980935,
A0480,BEL-H1000C1,600,10.5,dB/100m,,S039,Attenuation tablosu (Nom.),10.5,10.53283225,0.003126880813,
A0481,BEL-H1000C1,800,12.3,dB/100m,,S039,Attenuation tablosu (Nom.),12.3,12.39440746,0.007675403236,
A0482,BEL-H1000C1,1000,14,dB/100m,,S039,Attenuation tablosu (Nom.),14,14.08399527,0.005999662116,
A0483,BEL-H1000C1,1350,16.7,dB/100m,,S039,Attenuation tablosu (Nom.),16.7,16.76505041,0.003895234012,
A0484,BEL-H1000C1,1750,19.5,dB/100m,,S039,Attenuation tablosu (Nom.),19.5,19.53909796,0.002005023474,
A0485,BEL-H1000C1,2150,22.1,dB/100m,,S039,Attenuation tablosu (Nom.),22.1,22.10122114,5.525518055e-05,
A0486,BEL-H1000C1,2400,23.6,dB/100m,,S039,Attenuation tablosu (Nom.),23.6,23.62140072,0.0009068099608,
A0487,BEL-H1000C1,5000,37.4,dB/100m,,S039,Attenuation tablosu (Nom.),37.4,37.31615157,-0.002241936714,
A0488,BEL-H1000C1,10000,59.3,dB/100m,,S039,Attenuation tablosu (Nom.),59.3,58.89100137,-0.00689711018,
A0489,RCB-RWC400PE,30,2.38,dB/100m,20,S013,"Katalog s.71, Zayıflama @20 °C max. (S012 satıcı sayfasıyla aynı)",2.38,2.381323729,0.0005561886003,Maksimum değer
A0490,RCB-RWC400PE,50,3.01,dB/100m,20,S013,"Katalog s.71, Zayıflama @20 °C max. (S012 satıcı sayfasıyla aynı)",3.01,3.006827123,-0.001054111968,Maksimum değer
A0491,RCB-RWC400PE,150,5.1,dB/100m,20,S013,"Katalog s.71, Zayıflama @20 °C max. (S012 satıcı sayfasıyla aynı)",5.1,5.10149137,0.0002924255288,Maksimum değer
A0492,RCB-RWC400PE,220,6.18,dB/100m,20,S013,"Katalog s.71, Zayıflama @20 °C max. (S012 satıcı sayfasıyla aynı)",6.18,6.183688419,0.000596831631,Maksimum değer
A0493,RCB-RWC400PE,450,8.96,dB/100m,20,S013,"Katalog s.71, Zayıflama @20 °C max. (S012 satıcı sayfasıyla aynı)",8.96,8.95819263,-0.0002017154052,Maksimum değer
A0494,RCB-RWC400PE,900,13.02,dB/100m,20,S013,"Katalog s.71, Zayıflama @20 °C max. (S012 satıcı sayfasıyla aynı)",13.02,13.01919077,-6.215258686e-05,Maksimum değer
A0495,RCB-RWC400PE,1500,17.33,dB/100m,20,S013,"Katalog s.71, Zayıflama @20 °C max. (S012 satıcı sayfasıyla aynı)",17.33,17.32960237,-2.294455299e-05,Maksimum değer
A0496,RCB-RWC400PE,1800,19.24,dB/100m,20,S013,"Katalog s.71, Zayıflama @20 °C max. (S012 satıcı sayfasıyla aynı)",19.24,19.23763947,-0.0001226885001,Maksimum değer
A0497,RCB-RWC400PE,2000,20.45,dB/100m,20,S013,"Katalog s.71, Zayıflama @20 °C max. (S012 satıcı sayfasıyla aynı)",20.45,20.44700526,-0.0001464422226,Maksimum değer
A0498,RCB-RWC400PE,2500,23.3,dB/100m,20,S013,"Katalog s.71, Zayıflama @20 °C max. (S012 satıcı sayfasıyla aynı)",23.3,23.30076668,3.29045166e-05,Maksimum değer
A0499,RCB-RWC400PE,5800,38.92,dB/100m,20,S013,"Katalog s.71, Zayıflama @20 °C max. (S012 satıcı sayfasıyla aynı)",38.92,38.92504961,0.0001297432486,Maksimum değer
A0500,TMS-LMR400,30,0.7,dB/100ft,25,S001,"Attenuation tablosu, LMR-400 sütunu",2.296587927,2.290822599,-0.002510388342,
A0501,TMS-LMR400,50,0.9,dB/100ft,,S002,Performance by Frequency Band (Typ),2.952755906,2.935577093,-0.00581789107,
A0502,TMS-LMR400,150,1.5,dB/100ft,,S002,Performance by Frequency Band (Typ),4.921259843,5.064355844,0.02907710742,
A0503,TMS-LMR400,220,1.9,dB/100ft,,S002,Performance by Frequency Band (Typ),6.233595801,6.147325816,-0.01383952168,
A0504,TMS-LMR400,450,2.7,dB/100ft,,S002,Performance by Frequency Band (Typ),8.858267717,8.877363998,0.002155757964,
A0505,TMS-LMR400,700,3.42,dB/100ft,25,S001,"Attenuation tablosu, LMR-400 sütunu",11.22047244,11.1816641,-0.00345870866,
A0506,TMS-LMR400,900,3.9,dB/100ft,,S002,Performance by Frequency Band (Typ),12.79527559,12.76909577,-0.002046053897,
A0507,TMS-LMR400,1500,5.1,dB/100ft,,S002,Performance by Frequency Band (Typ),16.73228346,16.78738214,0.003292955843,
A0508,TMS-LMR400,1800,5.7,dB/100ft,,S002,Performance by Frequency Band (Typ),18.7007874,18.53448586,-0.008892756203,
A0509,TMS-LMR400,2000,6,dB/100ft,,S002,Performance by Frequency Band (Typ),19.68503937,19.63279288,-0.002654121594,
A0510,TMS-LMR400,2500,6.8,dB/100ft,,S002,Performance by Frequency Band (Typ),22.30971129,22.19870032,-0.004975903187,
A0511,TMS-LMR400,5800,10.8,dB/100ft,,S002,Performance by Frequency Band (Typ),35.43307087,35.72998654,0.008379619994,
A0512,MP-ULTRAFLEX10,1.8,0.8,dB/100m,20,S025,ATTENUATION (20°C) / POWER HANDLING (40°C),0.8,0.7724823991,-0.03439700109,
A0513,MP-ULTRAFLEX10,3.5,1,dB/100m,20,S025,ATTENUATION (20°C) / POWER HANDLING (40°C),1,0.9448212923,-0.05517870773,
A0514,MP-ULTRAFLEX10,7,1.2,dB/100m,20,S025,ATTENUATION (20°C) / POWER HANDLING (40°C),1.2,1.200587603,0.0004896693984,
A0515,MP-ULTRAFLEX10,10,1.3,dB/100m,20,S025,ATTENUATION (20°C) / POWER HANDLING (40°C),1.3,1.373313333,0.05639487181,
A0516,MP-ULTRAFLEX10,14,1.5,dB/100m,20,S025,ATTENUATION (20°C) / POWER HANDLING (40°C),1.5,1.569193228,0.0461288188,
A0517,MP-ULTRAFLEX10,21,1.8,dB/100m,20,S025,ATTENUATION (20°C) / POWER HANDLING (40°C),1.8,1.857513566,0.03195198094,
A0518,MP-ULTRAFLEX10,28,2,dB/100m,20,S025,ATTENUATION (20°C) / POWER HANDLING (40°C),2,2.10427518,0.05213759016,
A0519,MP-ULTRAFLEX10,50,2.7,dB/100m,20,S025,ATTENUATION (20°C) / POWER HANDLING (40°C),2.7,2.738600132,0.0142963453,
A0520,MP-ULTRAFLEX10,100,3.9,dB/100m,20,S025,ATTENUATION (20°C) / POWER HANDLING (40°C),3.9,3.829011372,-0.01820221233,
A0521,MP-ULTRAFLEX10,144,4.7,dB/100m,20,S025,ATTENUATION (20°C) / POWER HANDLING (40°C),4.7,4.606754469,-0.0198394746,
A0522,MP-ULTRAFLEX10,200,5.7,dB/100m,20,S025,ATTENUATION (20°C) / POWER HANDLING (40°C),5.7,5.46962058,-0.04041744215,
A0523,MP-ULTRAFLEX10,400,8.3,dB/100m,20,S025,ATTENUATION (20°C) / POWER HANDLING (40°C),8.3,7.986862061,-0.03772746258,
A0524,MP-ULTRAFLEX10,430,8.6,dB/100m,20,S025,ATTENUATION (20°C) / POWER HANDLING (40°C),8.6,8.31966322,-0.03259729995,
A0525,MP-ULTRAFLEX10,800,12.1,dB/100m,20,S025,ATTENUATION (20°C) / POWER HANDLING (40°C),12.1,11.94091848,-0.0131472331,
A0526,MP-ULTRAFLEX10,1000,13.8,dB/100m,20,S025,ATTENUATION (20°C) / POWER HANDLING (40°C),13.8,13.66491617,-0.009788683344,
A0527,MP-ULTRAFLEX10,1296,16.4,dB/100m,20,S025,ATTENUATION (20°C) / POWER HANDLING (40°C),16.4,16.03892621,-0.02201669457,
A0528,MP-ULTRAFLEX10,2400,23.7,dB/100m,20,S025,ATTENUATION (20°C) / POWER HANDLING (40°C),23.7,23.84295059,0.006031670482,
A0529,MP-ULTRAFLEX10,3000,27.3,dB/100m,20,S025,ATTENUATION (20°C) / POWER HANDLING (40°C),27.3,27.68212659,0.01399731081,
A0530,MP-ULTRAFLEX10,4000,32.9,dB/100m,20,S025,ATTENUATION (20°C) / POWER HANDLING (40°C),32.9,33.71421369,0.02474813633,
A0531,MP-ULTRAFLEX10,5000,38.9,dB/100m,20,S025,ATTENUATION (20°C) / POWER HANDLING (40°C),38.9,39.42886822,0.01359558398,
A0532,MP-ULTRAFLEX10,6000,44.5,dB/100m,20,S025,ATTENUATION (20°C) / POWER HANDLING (40°C),44.5,44.91804059,0.009394170461,
A0533,MP-ULTRAFLEX10,7000,50.2,dB/100m,20,S025,ATTENUATION (20°C) / POWER HANDLING (40°C),50.2,50.23635355,0.0007241742872,
A0534,MP-ULTRAFLEX10,8000,55.8,dB/100m,20,S025,ATTENUATION (20°C) / POWER HANDLING (40°C),55.8,55.41939686,-0.006820844858,
A0535,MP-HYPERFLEX10,1.8,0.8,dB/100m,20,S009,ATTENUATION (20°C) tablosu,0.8,0.7309682744,-0.08628965704,
A0536,MP-HYPERFLEX10,3.5,1,dB/100m,20,S009,ATTENUATION (20°C) tablosu,1,0.9160037296,-0.0839962704,
A0537,MP-HYPERFLEX10,7,1.1,dB/100m,20,S009,ATTENUATION (20°C) tablosu,1.1,1.188714735,0.08064975954,
A0538,MP-HYPERFLEX10,10,1.3,dB/100m,20,S009,ATTENUATION (20°C) tablosu,1.3,1.371647395,0.05511338115,
A0539,MP-HYPERFLEX10,14,1.5,dB/100m,20,S009,ATTENUATION (20°C) tablosu,1.5,1.577941026,0.05196068416,
A0540,MP-HYPERFLEX10,21,1.8,dB/100m,20,S009,ATTENUATION (20°C) tablosu,1.8,1.879428691,0.04412705049,
A0541,MP-HYPERFLEX10,28,2,dB/100m,20,S009,ATTENUATION (20°C) tablosu,2,2.135499501,0.06774975033,
A0542,MP-HYPERFLEX10,50,2.7,dB/100m,20,S009,ATTENUATION (20°C) tablosu,2.7,2.785972454,0.03184164954,
A0543,MP-HYPERFLEX10,100,3.9,dB/100m,20,S009,ATTENUATION (20°C) tablosu,3.9,3.88047643,-0.005006043514,
A0544,MP-HYPERFLEX10,144,4.7,dB/100m,20,S009,ATTENUATION (20°C) tablosu,4.7,4.644941866,-0.01171449654,
A0545,MP-HYPERFLEX10,200,5.6,dB/100m,20,S009,ATTENUATION (20°C) tablosu,5.6,5.47912005,-0.02158570545,
A0546,MP-HYPERFLEX10,400,8.3,dB/100m,20,S009,ATTENUATION (20°C) tablosu,8.3,7.84150604,-0.05524023612,
A0547,MP-HYPERFLEX10,430,8.6,dB/100m,20,S009,ATTENUATION (20°C) tablosu,8.6,8.146921225,-0.05268357847,
A0548,MP-HYPERFLEX10,800,11.9,dB/100m,20,S009,ATTENUATION (20°C) tablosu,11.9,11.38554935,-0.04323114674,
A0549,MP-HYPERFLEX10,1000,13.4,dB/100m,20,S009,ATTENUATION (20°C) tablosu,13.4,12.88105023,-0.03872759454,
A0550,MP-HYPERFLEX10,1296,15.4,dB/100m,20,S009,ATTENUATION (20°C) tablosu,15.4,14.90040605,-0.03244116542,
A0551,MP-HYPERFLEX10,2400,21.8,dB/100m,20,S009,ATTENUATION (20°C) tablosu,21.8,21.28415225,-0.02366274081,
A0552,MP-HYPERFLEX10,3000,24.6,dB/100m,20,S009,ATTENUATION (20°C) tablosu,24.6,24.31410484,-0.01162175441,
A0553,MP-HYPERFLEX10,4000,29.1,dB/100m,20,S009,ATTENUATION (20°C) tablosu,29.1,28.96345832,-0.004692153857,
A0554,MP-HYPERFLEX10,5000,33.1,dB/100m,20,S009,ATTENUATION (20°C) tablosu,33.1,33.26591017,0.005012391826,
A0555,MP-HYPERFLEX10,6000,36.9,dB/100m,20,S009,ATTENUATION (20°C) tablosu,36.9,37.32194706,0.0114348798,
A0556,MP-HYPERFLEX10,7000,40.7,dB/100m,20,S009,ATTENUATION (20°C) tablosu,40.7,41.19126271,0.01207033678,
A0557,MP-HYPERFLEX10,8000,44.2,dB/100m,20,S009,ATTENUATION (20°C) tablosu,44.2,44.91275084,0.01612558471,
A0558,MP-HYPERFLEX10,9000,47.5,dB/100m,20,S009,ATTENUATION (20°C) tablosu,47.5,48.51342716,0.02133530873,
A0559,MP-HYPERFLEX10,10000,50.7,dB/100m,20,S009,ATTENUATION (20°C) tablosu,50.7,52.01296163,0.02589667904,
A0560,BEL-H2000FLEX,7,1,dB/100m,20,S053,Nominal attenuation,1,0.9976827645,-0.002317235507,
A0561,BEL-H2000FLEX,10,1.2,dB/100m,20,S053,Nominal attenuation,1.2,1.19689331,-0.002588908308,
A0562,BEL-H2000FLEX,14,1.4,dB/100m,20,S053,Nominal attenuation,1.4,1.421383716,0.01527408298,
A0563,BEL-H2000FLEX,21,1.8,dB/100m,20,S053,Nominal attenuation,1.8,1.749165988,-0.02824111794,
A0564,BEL-H2000FLEX,28,2,dB/100m,20,S053,Nominal attenuation,2,2.027297097,0.01364854843,
A0565,BEL-H2000FLEX,50,2.7,dB/100m,20,S053,Nominal attenuation,2.7,2.732714751,0.01211657434,
A0566,BEL-H2000FLEX,100,3.9,dB/100m,20,S053,Nominal attenuation,3.9,3.916306508,0.004181156004,
A0567,BEL-H2000FLEX,144,4.8,dB/100m,20,S053,Nominal attenuation,4.8,4.740644159,-0.01236580013,
A0568,BEL-H2000FLEX,230,6.1,dB/100m,20,S053,Nominal attenuation,6.1,6.072227552,-0.004552860362,
A0569,BEL-H2000FLEX,300,7,dB/100m,20,S053,Nominal attenuation,7,6.997324556,-0.0003822062912,
A0570,BEL-H2000FLEX,400,8.2,dB/100m,20,S053,Nominal attenuation,8.2,8.168900559,-0.003792614815,
A0571,BEL-H2000FLEX,432,8.5,dB/100m,20,S053,Nominal attenuation,8.5,8.516409294,0.001930505125,
A0572,BEL-H2000FLEX,470,8.9,dB/100m,20,S053,Nominal attenuation,8.9,8.915213945,0.001709432046,
A0573,BEL-H2000FLEX,800,11.9,dB/100m,20,S053,Nominal attenuation,11.9,11.93972163,0.003337951923,
A0574,BEL-H2000FLEX,860,12.4,dB/100m,20,S053,Nominal attenuation,12.4,12.42967624,0.00239324508,
A0575,BEL-H2000FLEX,900,12.8,dB/100m,20,S053,Nominal attenuation,12.8,12.7487591,-0.00400319558,
A0576,BEL-H2000FLEX,1000,13.5,dB/100m,20,S053,Nominal attenuation,13.5,13.52283078,0.001691168861,
A0577,BEL-H2000FLEX,1296,15.7,dB/100m,20,S053,Nominal attenuation,15.7,15.65376117,-0.002945148175,
A0578,BEL-H2000FLEX,1350,16,dB/100m,20,S053,Nominal attenuation,16,16.02137073,0.001335670903,
A0579,BEL-H2000FLEX,1750,18.6,dB/100m,20,S053,Nominal attenuation,18.6,18.59085011,-0.0004919297807,
A0580,BEL-H2000FLEX,2050,20.4,dB/100m,20,S053,Nominal attenuation,20.4,20.37724694,-0.00111534596,
A0581,BEL-H2000FLEX,2320,21.8,dB/100m,20,S053,Nominal attenuation,21.8,21.90597862,0.004861404588,
A0582,BEL-H2000FLEX,5000,34.8,dB/100m,20,S053,Nominal attenuation,34.8,34.77180597,-0.0008101732808,
A0583,BEL-H2000FLEX,10000,54,dB/100m,20,S053,Nominal attenuation,54,53.97117453,-0.0005338050706,
A0584,CS-FSJ2-50,0.5,0.27,dB/100m,20,S032,Attenuation and Average Power Ratings,0.27,0.270200674,0.0007432371696,
A0585,CS-FSJ2-50,1,0.383,dB/100m,20,S032,Attenuation and Average Power Ratings,0.383,0.3826093807,-0.001019893658,
A0586,CS-FSJ2-50,1.5,0.469,dB/100m,20,S032,Attenuation and Average Power Ratings,0.469,0.4690108863,2.321178055e-05,
A0587,CS-FSJ2-50,2,0.542,dB/100m,20,S032,Attenuation and Average Power Ratings,0.542,0.541950074,-9.21143663e-05,
A0588,CS-FSJ2-50,10,1.219,dB/100m,20,S032,Attenuation and Average Power Ratings,1.219,1.219184554,0.0001513976053,
A0589,CS-FSJ2-50,20,1.732,dB/100m,20,S032,Attenuation and Average Power Ratings,1.732,1.731719993,-0.0001616668336,
A0590,CS-FSJ2-50,30,2.128,dB/100m,20,S032,Attenuation and Average Power Ratings,2.128,2.127947693,-2.458022031e-05,
A0591,CS-FSJ2-50,50,2.762,dB/100m,20,S032,Attenuation and Average Power Ratings,2.762,2.761517947,-0.0001745303359,
A0592,CS-FSJ2-50,88,3.691,dB/100m,20,S032,Attenuation and Average Power Ratings,3.691,3.691088994,2.411102163e-05,
A0593,CS-FSJ2-50,100,3.943,dB/100m,20,S032,Attenuation and Average Power Ratings,3.943,3.942570856,-0.0001088369599,
A0594,CS-FSJ2-50,108,4.102,dB/100m,20,S032,Attenuation and Average Power Ratings,4.102,4.10241196,0.0001004290355,
A0595,CS-FSJ2-50,150,4.863,dB/100m,20,S032,Attenuation and Average Power Ratings,4.863,4.863551754,0.0001134595001,
A0596,CS-FSJ2-50,174,5.254,dB/100m,20,S032,Attenuation and Average Power Ratings,5.254,5.253981625,-3.497309181e-06,
A0597,CS-FSJ2-50,200,5.65,dB/100m,20,S032,Attenuation and Average Power Ratings,5.65,5.649909472,-1.602262752e-05,
A0598,CS-FSJ2-50,300,6.989,dB/100m,20,S032,Attenuation and Average Power Ratings,6.989,6.989450723,6.449038916e-05,
A0599,CS-FSJ2-50,400,8.138,dB/100m,20,S032,Attenuation and Average Power Ratings,8.138,8.138606049,7.447147286e-05,
A0600,CS-FSJ2-50,450,8.665,dB/100m,20,S032,Attenuation and Average Power Ratings,8.665,8.664891756,-1.249203941e-05,
A0601,CS-FSJ2-50,500,9.166,dB/100m,20,S032,Attenuation and Average Power Ratings,9.166,9.166094276,1.028541786e-05,
A0602,CS-FSJ2-50,512,9.283,dB/100m,20,S032,Attenuation and Average Power Ratings,9.283,9.283079104,8.521433711e-06,
A0603,CS-FSJ2-50,600,10.107,dB/100m,20,S032,Attenuation and Average Power Ratings,10.107,10.1071586,1.56924499e-05,
A0604,CS-FSJ2-50,700,10.982,dB/100m,20,S032,Attenuation and Average Power Ratings,10.982,10.98273511,6.693749885e-05,
A0605,CS-FSJ2-50,800,11.806,dB/100m,20,S032,Attenuation and Average Power Ratings,11.806,11.8064648,3.936982757e-05,
A0606,CS-FSJ2-50,824,11.997,dB/100m,20,S032,Attenuation and Average Power Ratings,11.997,11.99756046,4.67165592e-05,
A0607,CS-FSJ2-50,860,12.28,dB/100m,20,S032,Attenuation and Average Power Ratings,12.28,12.27987745,-9.979846924e-06,
A0608,CS-FSJ2-50,894,12.542,dB/100m,20,S032,Attenuation and Average Power Ratings,12.542,12.54200087,6.925476637e-08,
A0609,CS-FSJ2-50,960,13.039,dB/100m,20,S032,Attenuation and Average Power Ratings,13.039,13.03924664,1.891577855e-05,
A0610,CS-FSJ2-50,1000,13.333,dB/100m,20,S032,Attenuation and Average Power Ratings,13.333,13.33370774,5.308155531e-05,
A0611,CS-FSJ2-50,1250,15.074,dB/100m,20,S032,Attenuation and Average Power Ratings,15.074,15.0746286,4.170115908e-05,
A0612,CS-FSJ2-50,1500,16.678,dB/100m,20,S032,Attenuation and Average Power Ratings,16.678,16.67890129,5.404042919e-05,
A0613,CS-FSJ2-50,1640,17.53,dB/100m,20,S032,Attenuation and Average Power Ratings,17.53,17.53049254,2.809679294e-05,
A0614,CS-FSJ2-50,1700,17.886,dB/100m,20,S032,Attenuation and Average Power Ratings,17.886,17.88661518,3.439472931e-05,
A0615,CS-FSJ2-50,1800,18.469,dB/100m,20,S032,Attenuation and Average Power Ratings,18.469,18.46938317,2.074642597e-05,
A0616,CS-FSJ2-50,2000,19.598,dB/100m,20,S032,Attenuation and Average Power Ratings,19.598,19.59837896,1.933689388e-05,
A0617,CS-FSJ2-50,2100,20.146,dB/100m,20,S032,Attenuation and Average Power Ratings,20.146,20.14643681,2.168210796e-05,
A0618,CS-FSJ2-50,2200,20.684,dB/100m,20,S032,Attenuation and Average Power Ratings,20.684,20.68457361,2.773193851e-05,
A0619,CS-FSJ2-50,2300,21.213,dB/100m,20,S032,Attenuation and Average Power Ratings,21.213,21.21345864,2.16204988e-05,
A0620,CS-FSJ2-50,2500,22.245,dB/100m,20,S032,Attenuation and Average Power Ratings,22.245,22.24580074,3.599642006e-05,
A0621,CS-FSJ2-50,2700,23.247,dB/100m,20,S032,Attenuation and Average Power Ratings,23.247,23.24755148,2.37224398e-05,
A0622,CS-FSJ2-50,3000,24.7,dB/100m,20,S032,Attenuation and Average Power Ratings,24.7,24.6999728,-1.101159795e-06,
A0623,CS-FSJ2-50,3300,26.1,dB/100m,20,S032,Attenuation and Average Power Ratings,26.1,26.09997363,-1.010299921e-06,
A0624,CS-FSJ2-50,3400,26.556,dB/100m,20,S032,Attenuation and Average Power Ratings,26.556,26.55624848,9.356646681e-06,
A0625,CS-FSJ2-50,4000,29.199,dB/100m,20,S032,Attenuation and Average Power Ratings,29.199,29.19951348,1.758549053e-05,
A0626,CS-FSJ2-50,4900,32.917,dB/100m,20,S032,Attenuation and Average Power Ratings,32.917,32.9165048,-1.504404428e-05,
A0627,CS-FSJ2-50,5000,33.314,dB/100m,20,S032,Attenuation and Average Power Ratings,33.314,33.31430901,9.27566299e-06,
A0628,CS-FSJ2-50,5200,34.102,dB/100m,20,S032,Attenuation and Average Power Ratings,34.102,34.10189991,-2.935028061e-06,
A0629,CS-FSJ2-50,5300,34.492,dB/100m,20,S032,Attenuation and Average Power Ratings,34.492,34.49184082,-4.615120578e-06,
A0630,CS-FSJ2-50,5600,35.647,dB/100m,20,S032,Attenuation and Average Power Ratings,35.647,35.64709636,2.703098409e-06,
A0631,CS-FSJ2-50,6000,37.156,dB/100m,20,S032,Attenuation and Average Power Ratings,37.156,37.15580817,-5.162763538e-06,
A0632,CS-FSJ2-50,6100,37.528,dB/100m,20,S032,Attenuation and Average Power Ratings,37.528,37.5277197,-7.469151181e-06,
A0633,CS-FSJ2-50,6600,39.359,dB/100m,20,S032,Attenuation and Average Power Ratings,39.359,39.35817378,-2.099181519e-05,
A0634,CS-FSJ2-50,8000,44.262,dB/100m,20,S032,Attenuation and Average Power Ratings,44.262,44.26067112,-3.002298783e-05,
A0635,CS-FSJ2-50,8800,46.941,dB/100m,20,S032,Attenuation and Average Power Ratings,46.941,46.93942345,-3.358586354e-05,
A0636,CS-FSJ2-50,10000,50.823,dB/100m,20,S032,Attenuation and Average Power Ratings,50.823,50.82142227,-3.104365806e-05,
A0637,CS-FSJ2-50,10900,53.643,dB/100m,20,S032,Attenuation and Average Power Ratings,53.643,53.6410645,-3.608105964e-05,
A0638,CS-FSJ2-50,11500,55.484,dB/100m,20,S032,Attenuation and Average Power Ratings,55.484,55.48251496,-2.676514202e-05,
A0639,CS-FSJ2-50,12000,56.998,dB/100m,20,S032,Attenuation and Average Power Ratings,56.998,56.99567398,-4.08087308e-05,
A0640,CS-FSJ2-50,13400,61.142,dB/100m,20,S032,Attenuation and Average Power Ratings,61.142,61.13931602,-4.389749939e-05,
A0641,MP-AIRBORNE10,1.8,0.6,dB/100m,20,S026,ATTENUATION (20°C) / POWER HANDLING (40°C),0.6,0.5948731203,-0.008544799451,
A0642,MP-AIRBORNE10,3.5,0.8,dB/100m,20,S026,ATTENUATION (20°C) / POWER HANDLING (40°C),0.8,0.7677260782,-0.0403424022,
A0643,MP-AIRBORNE10,7,1,dB/100m,20,S026,ATTENUATION (20°C) / POWER HANDLING (40°C),1,1.022109547,0.02210954737,
A0644,MP-AIRBORNE10,10,1.2,dB/100m,20,S026,ATTENUATION (20°C) / POWER HANDLING (40°C),1.2,1.192503861,-0.006246782819,
A0645,MP-AIRBORNE10,14,1.3,dB/100m,20,S026,ATTENUATION (20°C) / POWER HANDLING (40°C),1.3,1.384426841,0.06494372407,
A0646,MP-AIRBORNE10,21,1.7,dB/100m,20,S026,ATTENUATION (20°C) / POWER HANDLING (40°C),1.7,1.664480098,-0.02089405993,
A0647,MP-AIRBORNE10,28,1.9,dB/100m,20,S026,ATTENUATION (20°C) / POWER HANDLING (40°C),1.9,1.901950356,0.001026503103,
A0648,MP-AIRBORNE10,50,2.4,dB/100m,20,S026,ATTENUATION (20°C) / POWER HANDLING (40°C),2.4,2.503593533,0.04316397212,
A0649,MP-AIRBORNE10,100,3.5,dB/100m,20,S026,ATTENUATION (20°C) / POWER HANDLING (40°C),3.5,3.511071272,0.003163220502,
A0650,MP-AIRBORNE10,144,4.2,dB/100m,20,S026,ATTENUATION (20°C) / POWER HANDLING (40°C),4.2,4.211351695,0.002702784599,
A0651,MP-AIRBORNE10,200,5,dB/100m,20,S026,ATTENUATION (20°C) / POWER HANDLING (40°C),5,4.972499123,-0.005500175472,
A0652,MP-AIRBORNE10,400,7.2,dB/100m,20,S026,ATTENUATION (20°C) / POWER HANDLING (40°C),7.2,7.112548548,-0.01214603501,
A0653,MP-AIRBORNE10,430,7.6,dB/100m,20,S026,ATTENUATION (20°C) / POWER HANDLING (40°C),7.6,7.387667105,-0.02793853877,
A0654,MP-AIRBORNE10,800,10.4,dB/100m,20,S026,ATTENUATION (20°C) / POWER HANDLING (40°C),10.4,10.28559215,-0.01100075522,
A0655,MP-AIRBORNE10,1000,11.8,dB/100m,20,S026,ATTENUATION (20°C) / POWER HANDLING (40°C),11.8,11.61284711,-0.01586041405,
A0656,MP-AIRBORNE10,1296,13.6,dB/100m,20,S026,ATTENUATION (20°C) / POWER HANDLING (40°C),13.6,13.39530301,-0.015051249,
A0657,MP-AIRBORNE10,2400,19.2,dB/100m,20,S026,ATTENUATION (20°C) / POWER HANDLING (40°C),19.2,18.96710188,-0.01213011029,
A0658,MP-AIRBORNE10,3000,21.6,dB/100m,20,S026,ATTENUATION (20°C) / POWER HANDLING (40°C),21.6,21.58320046,-0.0007777563425,
A0659,MP-AIRBORNE10,4000,25.6,dB/100m,20,S026,ATTENUATION (20°C) / POWER HANDLING (40°C),25.6,25.5677913,-0.001258152467,
A0660,MP-AIRBORNE10,5000,29.2,dB/100m,20,S026,ATTENUATION (20°C) / POWER HANDLING (40°C),29.2,29.22712597,0.0009289714771,
A0661,MP-AIRBORNE10,6000,32.8,dB/100m,20,S026,ATTENUATION (20°C) / POWER HANDLING (40°C),32.8,32.65542113,-0.004407892293,
A0662,MP-AIRBORNE10,7000,35.6,dB/100m,20,S026,ATTENUATION (20°C) / POWER HANDLING (40°C),35.6,35.90864581,0.008669826148,
A0663,MP-AIRBORNE10,8000,38.6,dB/100m,20,S026,ATTENUATION (20°C) / POWER HANDLING (40°C),38.6,39.02326691,0.01096546405,
A0664,MP-AIRBORNE10,10000,44.6,dB/100m,20,S026,ATTENUATION (20°C) / POWER HANDLING (40°C),44.6,44.93113101,0.007424462195,
A0665,MP-AIRBORNE10,12000,50.2,dB/100m,20,S026,ATTENUATION (20°C) / POWER HANDLING (40°C),50.2,50.51225591,0.006220237345,
A0666,WFX-103,10,0.9,dB/100m,,S052,ATTENUATION DB per 100 Metres,0.9,0.9095274438,0.01058604864,
A0667,WFX-103,30,1.7,dB/100m,,S052,ATTENUATION DB per 100 Metres,1.7,1.751715375,0.0304208091,
A0668,WFX-103,50,2.7,dB/100m,,S052,ATTENUATION DB per 100 Metres,2.7,2.346291986,-0.131002968,
A0669,WFX-103,100,3.2,dB/100m,,S052,ATTENUATION DB per 100 Metres,3.2,3.47023923,0.08444975952,
A0670,WFX-103,144,4.5,dB/100m,,S052,ATTENUATION DB per 100 Metres,4.5,4.261026038,-0.05310532494,
A0671,WFX-103,200,5.4,dB/100m,,S052,ATTENUATION DB per 100 Metres,5.4,5.128991412,-0.05018677556,
A0672,WFX-103,400,7.2,dB/100m,,S052,ATTENUATION DB per 100 Metres,7.2,7.613322735,0.05740593538,
A0673,WFX-103,432,7.5,dB/100m,,S052,ATTENUATION DB per 100 Metres,7.5,7.958399679,0.0611199572,
A0674,WFX-103,1000,13,dB/100m,,S052,ATTENUATION DB per 100 Metres,13,13.02294139,0.001764722371,
A0675,WFX-103,1296,15,dB/100m,,S052,ATTENUATION DB per 100 Metres,15,15.22583357,0.01505557156,
A0676,WFX-103,2000,21,dB/100m,,S052,ATTENUATION DB per 100 Metres,21,19.88506578,-0.05309210552,
A0677,WFX-103,3000,27.8,dB/100m,,S052,ATTENUATION DB per 100 Metres,27.8,25.70068373,-0.07551497373,
A0678,WFX-103,5000,34.1,dB/100m,,S052,ATTENUATION DB per 100 Metres,34.1,35.90231286,0.05285374962,
A0679,CS-FSJ4-50B,0.5,0.231,dB/100m,20,S033,Attenuation and Average Power Ratings,0.231,0.230942327,-0.000249666641,
A0680,CS-FSJ4-50B,1,0.327,dB/100m,20,S033,Attenuation and Average Power Ratings,0.327,0.3269961268,-1.184458065e-05,
A0681,CS-FSJ4-50B,1.5,0.401,dB/100m,20,S033,Attenuation and Average Power Ratings,0.401,0.4008791088,-0.0003014744164,
A0682,CS-FSJ4-50B,2,0.463,dB/100m,20,S033,Attenuation and Average Power Ratings,0.463,0.4632856309,0.0006169133274,
A0683,CS-FSJ4-50B,10,1.04,dB/100m,20,S033,Attenuation and Average Power Ratings,1.04,1.044247905,0.004084523981,
A0684,CS-FSJ4-50B,20,1.49,dB/100m,20,S033,Attenuation and Average Power Ratings,1.49,1.48571334,-0.0028769527,
A0685,CS-FSJ4-50B,30,1.83,dB/100m,20,S033,Attenuation and Average Power Ratings,1.83,1.828027864,-0.001077669822,
A0686,CS-FSJ4-50B,50,2.38,dB/100m,20,S033,Attenuation and Average Power Ratings,2.38,2.377209286,-0.001172569038,
A0687,CS-FSJ4-50B,88,3.19,dB/100m,20,S033,Attenuation and Average Power Ratings,3.19,3.18689127,-0.0009745235101,
A0688,CS-FSJ4-50B,100,3.41,dB/100m,20,S033,Attenuation and Average Power Ratings,3.41,3.406718814,-0.0009622247137,
A0689,CS-FSJ4-50B,108,3.55,dB/100m,20,S033,Attenuation and Average Power Ratings,3.55,3.546609622,-0.0009550359895,
A0690,CS-FSJ4-50B,150,4.21,dB/100m,20,S033,Attenuation and Average Power Ratings,4.21,4.214520163,0.001073672915,
A0691,CS-FSJ4-50B,174,4.56,dB/100m,20,S033,Attenuation and Average Power Ratings,4.56,4.55824153,-0.0003856293183,
A0692,CS-FSJ4-50B,200,4.91,dB/100m,20,S033,Attenuation and Average Power Ratings,4.91,4.907556914,-0.0004975735311,
A0693,CS-FSJ4-50B,300,6.09,dB/100m,20,S033,Attenuation and Average Power Ratings,6.09,6.094852301,0.0007967653301,
A0694,CS-FSJ4-50B,400,7.12,dB/100m,20,S033,Attenuation and Average Power Ratings,7.12,7.119846036,-2.162409718e-05,
A0695,CS-FSJ4-50B,450,7.59,dB/100m,20,S033,Attenuation and Average Power Ratings,7.59,7.591174609,0.0001547573948,
A0696,CS-FSJ4-50B,500,8.04,dB/100m,20,S033,Attenuation and Average Power Ratings,8.04,8.041120073,0.0001393125285,
A0697,CS-FSJ4-50B,512,8.15,dB/100m,20,S033,Attenuation and Average Power Ratings,8.15,8.146290556,-0.0004551465612,
A0698,CS-FSJ4-50B,600,8.89,dB/100m,20,S033,Attenuation and Average Power Ratings,8.89,8.888718801,-0.0001441168383,
A0699,CS-FSJ4-50B,700,9.68,dB/100m,20,S033,Attenuation and Average Power Ratings,9.68,9.680489969,5.061661703e-05,
A0700,CS-FSJ4-50B,800,10.4,dB/100m,20,S033,Attenuation and Average Power Ratings,10.4,10.42806237,0.002698304777,
A0701,CS-FSJ4-50B,824,10.6,dB/100m,20,S033,Attenuation and Average Power Ratings,10.6,10.60185378,0.0001748850014,
A0702,CS-FSJ4-50B,894,11.1,dB/100m,20,S033,Attenuation and Average Power Ratings,11.1,11.09772961,-0.0002045392572,
A0703,CS-FSJ4-50B,960,11.6,dB/100m,20,S033,Attenuation and Average Power Ratings,11.6,11.55155848,-0.004175992861,
A0704,CS-FSJ4-50B,1000,11.8,dB/100m,20,S033,Attenuation and Average Power Ratings,11.8,11.82072413,0.001756282429,
A0705,CS-FSJ4-50B,1250,13.4,dB/100m,20,S033,Attenuation and Average Power Ratings,13.4,13.4182202,0.001359716203,
A0706,CS-FSJ4-50B,1500,14.9,dB/100m,20,S033,Attenuation and Average Power Ratings,14.9,14.89922537,-5.198847462e-05,
A0707,CS-FSJ4-50B,1700,16,dB/100m,20,S033,Attenuation and Average Power Ratings,16,16.01949257,0.00121828588,
A0708,CS-FSJ4-50B,1800,16.6,dB/100m,20,S033,Attenuation and Average Power Ratings,16.6,16.56164809,-0.002310355966,
A0709,CS-FSJ4-50B,2000,17.6,dB/100m,20,S033,Attenuation and Average Power Ratings,17.6,17.61480909,0.0008414253157,
A0710,CS-FSJ4-50B,2100,18.1,dB/100m,20,S033,Attenuation and Average Power Ratings,18.1,18.12737464,0.00151241094,
A0711,CS-FSJ4-50B,2200,18.6,dB/100m,20,S033,Attenuation and Average Power Ratings,18.6,18.63148262,0.001692614154,
A0712,CS-FSJ4-50B,2300,19.1,dB/100m,20,S033,Attenuation and Average Power Ratings,19.1,19.12770359,0.001450449611,
A0713,CS-FSJ4-50B,3000,22.4,dB/100m,20,S033,Attenuation and Average Power Ratings,22.4,22.41738492,0.0007761125245,
A0714,CS-FSJ4-50B,3400,24.2,dB/100m,20,S033,Attenuation and Average Power Ratings,24.2,24.18124904,-0.000774832894,
A0715,CS-FSJ4-50B,4000,26.7,dB/100m,20,S033,Attenuation and Average Power Ratings,26.7,26.70671787,0.000251605593,
A0716,CS-FSJ4-50B,5000,30.7,dB/100m,20,S033,Attenuation and Average Power Ratings,30.7,30.66806033,-0.001040380124,
A0717,CS-FSJ4-50B,6000,34.4,dB/100m,20,S033,Attenuation and Average Power Ratings,34.4,34.39642101,-0.0001040403674,
A0718,CS-FSJ4-50B,8000,41.4,dB/100m,20,S033,Attenuation and Average Power Ratings,41.4,41.3602891,-0.0009592004125,
A0719,CS-FSJ4-50B,10000,47.9,dB/100m,20,S033,Attenuation and Average Power Ratings,47.9,47.8603086,-0.0008286305189,
A0720,CS-FSJ4-50B,10200,48.5,dB/100m,20,S033,Attenuation and Average Power Ratings,48.5,48.49056984,-0.0001944362716,
A0721,CS-LDF2-50,0.5,0.235,dB/100m,20,S034,Attenuation / Average Power tablosu,0.235,0.2347900181,-0.0008935399152,
A0722,CS-LDF2-50,1,0.332,dB/100m,20,S034,Attenuation / Average Power tablosu,0.332,0.3323718585,0.001120055829,
A0723,CS-LDF2-50,1.5,0.407,dB/100m,20,S034,Attenuation / Average Power tablosu,0.407,0.4073742327,0.0009194905441,
A0724,CS-LDF2-50,2,0.471,dB/100m,20,S034,Attenuation / Average Power tablosu,0.471,0.470688615,-0.0006611147456,
A0725,CS-LDF2-50,10,1.059,dB/100m,20,S034,Attenuation / Average Power tablosu,1.059,1.058480594,-0.000490468735,
A0726,CS-LDF2-50,20,1.503,dB/100m,20,S034,Attenuation / Average Power tablosu,1.503,1.503234933,0.0001563091086,
A0727,CS-LDF2-50,30,1.847,dB/100m,20,S034,Attenuation / Average Power tablosu,1.847,1.847010828,5.862745159e-06,
A0728,CS-LDF2-50,50,2.397,dB/100m,20,S034,Attenuation / Average Power tablosu,2.397,2.396618449,-0.0001591787089,
A0729,CS-LDF2-50,88,3.203,dB/100m,20,S034,Attenuation / Average Power tablosu,3.203,3.202801539,-6.196090061e-05,
A0730,CS-LDF2-50,100,3.421,dB/100m,20,S034,Attenuation / Average Power tablosu,3.421,3.420863177,-3.999516571e-05,
A0731,CS-LDF2-50,108,3.559,dB/100m,20,S034,Attenuation / Average Power tablosu,3.559,3.559453942,0.0001275475857,
A0732,CS-LDF2-50,150,4.219,dB/100m,20,S034,Attenuation / Average Power tablosu,4.219,4.219313241,7.424542581e-05,
A0733,CS-LDF2-50,174,4.558,dB/100m,20,S034,Attenuation / Average Power tablosu,4.558,4.557734563,-5.823533572e-05,
A0734,CS-LDF2-50,200,4.901,dB/100m,20,S034,Attenuation / Average Power tablosu,4.901,4.900883388,-2.379346332e-05,
A0735,CS-LDF2-50,300,6.062,dB/100m,20,S034,Attenuation / Average Power tablosu,6.062,6.061581725,-6.899946839e-05,
A0736,CS-LDF2-50,400,7.057,dB/100m,20,S034,Attenuation / Average Power tablosu,7.057,7.056986897,-1.856763152e-06,
A0737,CS-LDF2-50,450,7.513,dB/100m,20,S034,Attenuation / Average Power tablosu,7.513,7.512762381,-3.162776291e-05,
A0738,CS-LDF2-50,500,7.947,dB/100m,20,S034,Attenuation / Average Power tablosu,7.947,7.946760627,-3.012120072e-05,
A0739,CS-LDF2-50,512,8.048,dB/100m,20,S034,Attenuation / Average Power tablosu,8.048,8.048051865,6.444511312e-06,
A0740,CS-LDF2-50,600,8.761,dB/100m,20,S034,Attenuation / Average Power tablosu,8.761,8.761501079,5.7194319e-05,
A0741,CS-LDF2-50,700,9.519,dB/100m,20,S034,Attenuation / Average Power tablosu,9.519,9.519384968,4.044203316e-05,
A0742,CS-LDF2-50,800,10.232,dB/100m,20,S034,Attenuation / Average Power tablosu,10.232,10.23225543,2.49634263e-05,
A0743,CS-LDF2-50,824,10.398,dB/100m,20,S034,Attenuation / Average Power tablosu,10.398,10.39761467,-3.705769345e-05,
A0744,CS-LDF2-50,894,10.869,dB/100m,20,S034,Attenuation / Average Power tablosu,10.869,10.86869366,-2.81849592e-05,
A0745,CS-LDF2-50,960,11.299,dB/100m,20,S034,Attenuation / Average Power tablosu,11.299,11.29888992,-9.742714761e-06,
A0746,CS-LDF2-50,1000,11.554,dB/100m,20,S034,Attenuation / Average Power tablosu,11.554,11.55362435,-3.251213459e-05,
A0747,CS-LDF2-50,1250,13.059,dB/100m,20,S034,Attenuation / Average Power tablosu,13.059,13.05936252,2.776045011e-05,
A0748,CS-LDF2-50,1500,14.446,dB/100m,20,S034,Attenuation / Average Power tablosu,14.446,14.44646266,3.202715062e-05,
A0749,CS-LDF2-50,1700,15.49,dB/100m,20,S034,Attenuation / Average Power tablosu,15.49,15.49041631,2.687581528e-05,
A0750,CS-LDF2-50,1800,15.994,dB/100m,20,S034,Attenuation / Average Power tablosu,15.994,15.99408367,5.231614204e-06,
A0751,CS-LDF2-50,2000,16.97,dB/100m,20,S034,Attenuation / Average Power tablosu,16.97,16.96969422,-1.80188793e-05,
A0752,CS-LDF2-50,2100,17.443,dB/100m,20,S034,Attenuation / Average Power tablosu,17.443,17.44322623,1.296947205e-05,
A0753,CS-LDF2-50,2200,17.908,dB/100m,20,S034,Attenuation / Average Power tablosu,17.908,17.90814478,8.084534581e-06,
A0754,CS-LDF2-50,2300,18.365,dB/100m,20,S034,Attenuation / Average Power tablosu,18.365,18.36503094,1.684515781e-06,
A0755,CS-LDF2-50,2500,19.257,dB/100m,20,S034,Attenuation / Average Power tablosu,19.257,19.25672669,-1.419270759e-05,
A0756,CS-LDF2-50,2700,20.122,dB/100m,20,S034,Attenuation / Average Power tablosu,20.122,20.121863,-6.80836528e-06,
A0757,CS-LDF2-50,3000,21.376,dB/100m,20,S034,Attenuation / Average Power tablosu,21.376,21.37597965,-9.518321857e-07,
A0758,CS-LDF2-50,3400,22.978,dB/100m,20,S034,Attenuation / Average Power tablosu,22.978,22.97843076,1.874654454e-05,
A0759,CS-LDF2-50,4000,25.26,dB/100m,20,S034,Attenuation / Average Power tablosu,25.26,25.2595622,-1.733161632e-05,
A0760,CS-LDF2-50,5000,28.809,dB/100m,20,S034,Attenuation / Average Power tablosu,28.809,28.80910881,3.776775017e-06,
A0761,CS-LDF2-50,6000,32.121,dB/100m,20,S034,Attenuation / Average Power tablosu,32.121,32.12137935,1.18100311e-05,
A0762,CS-LDF2-50,8000,38.244,dB/100m,20,S034,Attenuation / Average Power tablosu,38.244,38.24398299,-4.448121256e-07,
A0763,CS-LDF2-50,10000,43.894,dB/100m,20,S034,Attenuation / Average Power tablosu,43.894,43.89418846,4.293507627e-06,
A0764,CS-LDF2-50,12000,49.209,dB/100m,20,S034,Attenuation / Average Power tablosu,49.209,49.20883491,-3.354828798e-06,
A0765,TMS-LMR500,30,0.54,dB/100ft,25,S001,"Attenuation tablosu (+25°C), LMR500 sütunu",1.771653543,1.770761586,-0.0005034602752,
A0766,TMS-LMR500,50,0.7,dB/100ft,25,S001,"Attenuation tablosu (+25°C), LMR500 sütunu",2.296587927,2.293406066,-0.001385473106,
A0767,TMS-LMR500,150,1.22,dB/100ft,25,S001,"Attenuation tablosu (+25°C), LMR500 sütunu",4.002624672,4.02056214,0.004481426339,
A0768,TMS-LMR500,220,1.49,dB/100ft,25,S001,"Attenuation tablosu (+25°C), LMR500 sütunu",4.888451444,4.900086223,0.00238005419,
A0769,TMS-LMR500,450,2.17,dB/100ft,25,S001,"Attenuation tablosu (+25°C), LMR500 sütunu",7.119422572,7.119699364,3.887846927e-05,
A0770,TMS-LMR500,700,2.77,dB/100ft,25,S001,"Attenuation tablosu (+25°C), LMR500 sütunu",9.087926509,8.995716929,-0.0101463827,
A0771,TMS-LMR500,900,3.13,dB/100ft,25,S001,"Attenuation tablosu (+25°C), LMR500 sütunu",10.26902887,10.28936958,0.001980782516,
A0772,TMS-LMR500,1500,4.13,dB/100ft,25,S001,"Attenuation tablosu (+25°C), LMR500 sütunu",13.54986877,13.56827752,0.001358592572,
A0773,TMS-LMR500,2000,4.84,dB/100ft,25,S001,"Attenuation tablosu (+25°C), LMR500 sütunu",15.87926509,15.89354392,0.0008992123529,
A0774,TMS-LMR500,2500,5.48,dB/100ft,25,S001,"Attenuation tablosu (+25°C), LMR500 sütunu",17.97900262,17.99263692,0.0007583452533,
A0775,GEN-10D-FB,50,2.1,dB/100m,,S042,Attenuation (nom.),2.1,2.080358145,-0.009353264134,
A0776,GEN-10D-FB,150,3.7,dB/100m,,S042,Attenuation (nom.),3.7,3.807322139,0.0290059835,
A0777,GEN-10D-FB,450,7.1,dB/100m,,S042,Attenuation (nom.),7.1,6.958461892,-0.01993494485,
A0778,GEN-10D-FB,800,9.7,dB/100m,,S042,Attenuation (nom.),9.7,9.586737087,-0.01167658894,
A0779,GEN-10D-FB,900,10.3,dB/100m,,S042,Attenuation (nom.),10.3,10.24348149,-0.005487234105,
A0780,GEN-10D-FB,1200,12,dB/100m,,S042,Attenuation (nom.),12,12.0571797,0.004764974897,
A0781,GEN-10D-FB,1800,15.1,dB/100m,,S042,Attenuation (nom.),15.1,15.22173412,0.008061862512,
A0782,GEN-10D-FB,1900,15.6,dB/100m,,S042,Attenuation (nom.),15.6,15.707416,0.006885641176,
A0783,GEN-10D-FB,2450,18.3,dB/100m,,S042,Attenuation (nom.),18.3,18.22845596,-0.003909510115,
A0784,MP-ULTRAFLEX13,10,1,dB/100m,20,S028,"Katalog s.17 Quick reference comparison, ULTRAFLEX 13",1,0.9647317684,-0.03526823157,
A0785,MP-ULTRAFLEX13,28,1.5,dB/100m,20,S028,"Katalog s.17 Quick reference comparison, ULTRAFLEX 13",1.5,1.553678614,0.03578574269,
A0786,MP-ULTRAFLEX13,50,2,dB/100m,20,S028,"Katalog s.17 Quick reference comparison, ULTRAFLEX 13",2,2.058396976,0.02919848818,
A0787,MP-ULTRAFLEX13,100,2.8,dB/100m,20,S028,"Katalog s.17 Quick reference comparison, ULTRAFLEX 13",2.8,2.913856173,0.04066291878,
A0788,MP-ULTRAFLEX13,144,3.6,dB/100m,20,S028,"Katalog s.17 Quick reference comparison, ULTRAFLEX 13",3.6,3.515697971,-0.02341723019,
A0789,MP-ULTRAFLEX13,200,4.3,dB/100m,20,S028,"Katalog s.17 Quick reference comparison, ULTRAFLEX 13",4.3,4.176240983,-0.02878116672,
A0790,MP-ULTRAFLEX13,430,6.4,dB/100m,20,S028,"Katalog s.17 Quick reference comparison, ULTRAFLEX 13",6.4,6.31307085,-0.01358267971,
A0791,MP-ULTRAFLEX13,800,9.1,dB/100m,20,S028,"Katalog s.17 Quick reference comparison, ULTRAFLEX 13",9.1,8.950515858,-0.01642682877,
A0792,MP-ULTRAFLEX13,1296,12,dB/100m,20,S028,"Katalog s.17 Quick reference comparison, ULTRAFLEX 13",12,11.85806023,-0.01182831429,
A0793,MP-ULTRAFLEX13,2400,17.4,dB/100m,20,S028,"Katalog s.17 Quick reference comparison, ULTRAFLEX 13",17.4,17.23591089,-0.009430408733,
A0794,MP-ULTRAFLEX13,5000,26.9,dB/100m,20,S028,"Katalog s.17 Quick reference comparison, ULTRAFLEX 13",26.9,27.58203538,0.02535447497,
A0795,MP-HYPERFLEX13,1.8,0.5,dB/100m,20,S027,ATTENUATION (20°C) / POWER HANDLING (40°C),0.5,0.4716938264,-0.05661234715,
A0796,MP-HYPERFLEX13,3.5,0.6,dB/100m,20,S027,ATTENUATION (20°C) / POWER HANDLING (40°C),0.6,0.6139391588,0.02323193136,
A0797,MP-HYPERFLEX13,7,0.8,dB/100m,20,S027,ATTENUATION (20°C) / POWER HANDLING (40°C),0.8,0.8236562202,0.02957027519,
A0798,MP-HYPERFLEX13,10,1,dB/100m,20,S027,ATTENUATION (20°C) / POWER HANDLING (40°C),1,0.964379849,-0.03562015098,
A0799,MP-HYPERFLEX13,14,1.1,dB/100m,20,S027,ATTENUATION (20°C) / POWER HANDLING (40°C),1.1,1.12311858,0.02101689069,
A0800,MP-HYPERFLEX13,21,1.3,dB/100m,20,S027,ATTENUATION (20°C) / POWER HANDLING (40°C),1.3,1.35519012,0.04245393826,
A0801,MP-HYPERFLEX13,28,1.5,dB/100m,20,S027,ATTENUATION (20°C) / POWER HANDLING (40°C),1.5,1.552377605,0.03491840304,
A0802,MP-HYPERFLEX13,50,2,dB/100m,20,S027,ATTENUATION (20°C) / POWER HANDLING (40°C),2,2.053577868,0.02678893402,
A0803,MP-HYPERFLEX13,100,2.8,dB/100m,20,S027,ATTENUATION (20°C) / POWER HANDLING (40°C),2.8,2.897844406,0.03494443081,
A0804,MP-HYPERFLEX13,144,3.6,dB/100m,20,S027,ATTENUATION (20°C) / POWER HANDLING (40°C),3.6,3.488181738,-0.03106062827,
A0805,MP-HYPERFLEX13,200,4.2,dB/100m,20,S027,ATTENUATION (20°C) / POWER HANDLING (40°C),4.2,4.132926841,-0.01596979983,
A0806,MP-HYPERFLEX13,400,6.1,dB/100m,20,S027,ATTENUATION (20°C) / POWER HANDLING (40°C),6.1,5.961815662,-0.0226531702,
A0807,MP-HYPERFLEX13,430,6.4,dB/100m,20,S027,ATTENUATION (20°C) / POWER HANDLING (40°C),6.4,6.198556767,-0.03147550522,
A0808,MP-HYPERFLEX13,800,9,dB/100m,20,S027,ATTENUATION (20°C) / POWER HANDLING (40°C),9,8.71269202,-0.0319231089,
A0809,MP-HYPERFLEX13,1000,10.1,dB/100m,20,S027,ATTENUATION (20°C) / POWER HANDLING (40°C),10.1,9.875738432,-0.02220411566,
A0810,MP-HYPERFLEX13,1296,11.7,dB/100m,20,S027,ATTENUATION (20°C) / POWER HANDLING (40°C),11.7,11.44804957,-0.02153422494,
A0811,MP-HYPERFLEX13,2400,16.6,dB/100m,20,S027,ATTENUATION (20°C) / POWER HANDLING (40°C),16.6,16.4306551,-0.01020150029,
A0812,MP-HYPERFLEX13,3000,18.9,dB/100m,20,S027,ATTENUATION (20°C) / POWER HANDLING (40°C),18.9,18.80103848,-0.005236059354,
A0813,MP-HYPERFLEX13,4000,22.4,dB/100m,20,S027,ATTENUATION (20°C) / POWER HANDLING (40°C),22.4,22.44400712,0.001964603385,
A0814,MP-HYPERFLEX13,5000,25.6,dB/100m,20,S027,ATTENUATION (20°C) / POWER HANDLING (40°C),25.6,25.82052543,0.008614274532,
A0815,MP-HYPERFLEX13,6000,28.7,dB/100m,20,S027,ATTENUATION (20°C) / POWER HANDLING (40°C),28.7,29.00777584,0.01072389686,
A0816,MP-HYPERFLEX13,7000,31.7,dB/100m,20,S027,ATTENUATION (20°C) / POWER HANDLING (40°C),31.7,32.05160825,0.01109174296,
A0817,MP-HYPERFLEX13,8000,34.5,dB/100m,20,S027,ATTENUATION (20°C) / POWER HANDLING (40°C),34.5,34.98189641,0.01396801191,
A0818,MP-HYPERFLEX13,9000,37.5,dB/100m,20,S027,ATTENUATION (20°C) / POWER HANDLING (40°C),37.5,37.81939069,0.008517085122,
A0819,MP-HYPERFLEX13,10000,40.5,dB/100m,20,S027,ATTENUATION (20°C) / POWER HANDLING (40°C),40.5,40.57919932,0.001955538711,
A0820,MP-HYPERFLEX13,12000,46,dB/100m,20,S027,ATTENUATION (20°C) / POWER HANDLING (40°C),46,45.90883699,-0.001981804497,
A0821,SSB-ECOFLEX15,5,0.6,dB/100m,20,S050,Typ. attenuation (dB/100 m @ 20°C),0.6,0.601983649,0.003306081586,
A0822,SSB-ECOFLEX15,10,0.86,dB/100m,20,S050,Typ. attenuation (dB/100 m @ 20°C),0.86,0.8563114442,-0.00428901841,
A0823,SSB-ECOFLEX15,50,1.96,dB/100m,20,S050,Typ. attenuation (dB/100 m @ 20°C),1.96,1.955216511,-0.002440555452,
A0824,SSB-ECOFLEX15,100,2.81,dB/100m,20,S050,Typ. attenuation (dB/100 m @ 20°C),2.81,2.805765976,-0.001506770233,
A0825,SSB-ECOFLEX15,144,3.4,dB/100m,20,S050,Typ. attenuation (dB/100 m @ 20°C),3.4,3.399905886,-2.768051075e-05,
A0826,SSB-ECOFLEX15,200,4.05,dB/100m,20,S050,Typ. attenuation (dB/100 m @ 20°C),4.05,4.048284857,-0.0004234919914,
A0827,SSB-ECOFLEX15,300,5,dB/100m,20,S050,Typ. attenuation (dB/100 m @ 20°C),5,5.033209082,0.006641816332,
A0828,SSB-ECOFLEX15,432,6.1,dB/100m,20,S050,Typ. attenuation (dB/100 m @ 20°C),6.1,6.137833796,0.006202261609,
A0829,SSB-ECOFLEX15,500,6.7,dB/100m,20,S050,Typ. attenuation (dB/100 m @ 20°C),6.7,6.651163793,-0.007288986058,
A0830,SSB-ECOFLEX15,800,8.6,dB/100m,20,S050,Typ. attenuation (dB/100 m @ 20°C),8.6,8.640647689,0.004726475495,
A0831,SSB-ECOFLEX15,1000,9.8,dB/100m,20,S050,Typ. attenuation (dB/100 m @ 20°C),9.8,9.803780955,0.0003858117292,
A0832,SSB-ECOFLEX15,1296,11.4,dB/100m,20,S050,Typ. attenuation (dB/100 m @ 20°C),11.4,11.37453518,-0.002233755788,
A0833,SSB-ECOFLEX15,1500,12.4,dB/100m,20,S050,Typ. attenuation (dB/100 m @ 20°C),12.4,12.38039895,-0.001580729716,
A0834,SSB-ECOFLEX15,1800,13.8,dB/100m,20,S050,Typ. attenuation (dB/100 m @ 20°C),13.8,13.77464537,-0.001837291749,
A0835,SSB-ECOFLEX15,2000,14.7,dB/100m,20,S050,Typ. attenuation (dB/100 m @ 20°C),14.7,14.65885784,-0.002798786368,
A0836,SSB-ECOFLEX15,2400,16.3,dB/100m,20,S050,Typ. attenuation (dB/100 m @ 20°C),16.3,16.34136025,0.00253743838,
A0837,SSB-ECOFLEX15,3000,18.7,dB/100m,20,S050,Typ. attenuation (dB/100 m @ 20°C),18.7,18.69934889,-3.481845877e-05,
A0838,SSB-ECOFLEX15,4000,22.3,dB/100m,20,S050,Typ. attenuation (dB/100 m @ 20°C),22.3,22.3181793,0.00081521504,
A0839,SSB-ECOFLEX15,5000,25.7,dB/100m,20,S050,Typ. attenuation (dB/100 m @ 20°C),25.7,25.6675453,-0.001262828739,
A0840,SSB-ECOFLEX15,6000,28.8,dB/100m,20,S050,Typ. attenuation (dB/100 m @ 20°C),28.8,28.82550242,0.0008855007112,
A0841,TMS-LMR600,30,0.421,dB/100ft,25,S001,"Attenuation tablosu (+25°C), LMR600 sütunu",1.381233596,1.381397465,0.0001186400951,
A0842,TMS-LMR600,50,0.547,dB/100ft,25,S001,"Attenuation tablosu (+25°C), LMR600 sütunu",1.794619423,1.794429195,-0.0001059988577,
A0843,TMS-LMR600,150,0.964,dB/100ft,25,S001,"Attenuation tablosu (+25°C), LMR600 sütunu",3.162729659,3.164923867,0.0006937702464,
A0844,TMS-LMR600,220,1.18,dB/100ft,25,S001,"Attenuation tablosu (+25°C), LMR600 sütunu",3.871391076,3.865958235,-0.00140333045,
A0845,TMS-LMR600,450,1.72,dB/100ft,25,S001,"Attenuation tablosu (+25°C), LMR600 sütunu",5.643044619,5.643888633,0.0001495670721,
A0846,TMS-LMR600,700,2.18,dB/100ft,25,S001,"Attenuation tablosu (+25°C), LMR600 sütunu",7.152230971,7.155730309,0.0004892652684,
A0847,TMS-LMR600,900,2.5,dB/100ft,25,S001,"Attenuation tablosu (+25°C), LMR600 sütunu",8.202099738,8.202791926,8.439167382e-05,
A0848,TMS-LMR600,1500,3.31,dB/100ft,25,S001,"Attenuation tablosu (+25°C), LMR600 sütunu",10.85958005,10.87197772,0.00114163423,
A0849,TMS-LMR600,2000,3.9,dB/100ft,25,S001,"Attenuation tablosu (+25°C), LMR600 sütunu",12.79527559,12.77709375,-0.00142098055,
A0850,TMS-LMR600,2500,4.42,dB/100ft,25,S001,"Attenuation tablosu (+25°C), LMR600 sütunu",14.50131234,14.5048929,0.000246912953,
A0851,CS-LDF4-50A,1,0.211,dB/100m,20,S011,Attenuation tablosu,0.211,0.2111259325,0.0005968363222,
A0852,CS-LDF4-50A,1.5,0.259,dB/100m,20,S011,Attenuation tablosu,0.259,0.2587762144,-0.0008640369186,
A0853,CS-LDF4-50A,2,0.299,dB/100m,20,S011,Attenuation tablosu,0.299,0.298996176,-1.278938561e-05,
A0854,CS-LDF4-50A,10,0.672,dB/100m,20,S011,Attenuation tablosu,0.672,0.6721820695,0.0002709368294,
A0855,CS-LDF4-50A,20,0.954,dB/100m,20,S011,Attenuation tablosu,0.954,0.9543140177,0.0003291590297,
A0856,CS-LDF4-50A,30,1.172,dB/100m,20,S011,Attenuation tablosu,1.172,1.172251688,0.0002147512052,
A0857,CS-LDF4-50A,50,1.521,dB/100m,20,S011,Attenuation tablosu,1.521,1.520432804,-0.0003729101941,
A0858,CS-LDF4-50A,85,1.995,dB/100m,20,S011,Attenuation tablosu,1.995,1.994787368,-0.0001065826061,
A0859,CS-LDF4-50A,88,2.031,dB/100m,20,S011,Attenuation tablosu,2.031,2.030629563,-0.000182391416,
A0860,CS-LDF4-50A,100,2.169,dB/100m,20,S011,Attenuation tablosu,2.169,2.168526153,-0.0002184633361,
A0861,CS-LDF4-50A,108,2.256,dB/100m,20,S011,Attenuation tablosu,2.256,2.256144687,6.413448251e-05,
A0862,CS-LDF4-50A,150,2.673,dB/100m,20,S011,Attenuation tablosu,2.673,2.673076734,2.870717202e-05,
A0863,CS-LDF4-50A,174,2.887,dB/100m,20,S011,Attenuation tablosu,2.887,2.886758576,-8.362461835e-05,
A0864,CS-LDF4-50A,200,3.103,dB/100m,20,S011,Attenuation tablosu,3.103,3.103324111,0.0001044508968,
A0865,CS-LDF4-50A,204,3.135,dB/100m,20,S011,Attenuation tablosu,3.135,3.135457752,0.0001460134079,
A0866,CS-LDF4-50A,300,3.835,dB/100m,20,S011,Attenuation tablosu,3.835,3.83512194,3.179653125e-05,
A0867,CS-LDF4-50A,400,4.462,dB/100m,20,S011,Attenuation tablosu,4.462,4.461839169,-3.604462278e-05,
A0868,CS-LDF4-50A,450,4.749,dB/100m,20,S011,Attenuation tablosu,4.749,4.748543778,-9.606705145e-05,
A0869,CS-LDF4-50A,460,4.804,dB/100m,20,S011,Attenuation tablosu,4.804,4.804150447,3.131707104e-05,
A0870,CS-LDF4-50A,500,5.021,dB/100m,20,S011,Attenuation tablosu,5.021,5.021404104,8.048284099e-05,
A0871,CS-LDF4-50A,512,5.085,dB/100m,20,S011,Attenuation tablosu,5.085,5.085067114,1.319841275e-05,
A0872,CS-LDF4-50A,600,5.533,dB/100m,20,S011,Attenuation tablosu,5.533,5.53326869,4.856141125e-05,
A0873,CS-LDF4-50A,700,6.009,dB/100m,20,S011,Attenuation tablosu,6.009,6.008988274,-1.951431941e-06,
A0874,CS-LDF4-50A,800,6.456,dB/100m,20,S011,Attenuation tablosu,6.456,6.456091803,1.421978226e-05,
A0875,CS-LDF4-50A,824,6.56,dB/100m,20,S011,Attenuation tablosu,6.56,6.559754175,-3.74733892e-05,
A0876,CS-LDF4-50A,894,6.855,dB/100m,20,S011,Attenuation tablosu,6.855,6.854970699,-4.274446923e-06,
A0877,CS-LDF4-50A,960,7.124,dB/100m,20,S011,Attenuation tablosu,7.124,7.124440524,6.183667065e-05,
A0878,CS-LDF4-50A,1000,7.284,dB/100m,20,S011,Attenuation tablosu,7.284,7.283947231,-7.24451093e-06,
A0879,CS-LDF4-50A,1218,8.11,dB/100m,20,S011,Attenuation tablosu,8.11,8.110083597,1.030793881e-05,
A0880,CS-LDF4-50A,1250,8.226,dB/100m,20,S011,Attenuation tablosu,8.226,8.225968187,-3.867352578e-06,
A0881,CS-LDF4-50A,1500,9.093,dB/100m,20,S011,Attenuation tablosu,9.093,9.092568269,-4.747954274e-05,
A0882,CS-LDF4-50A,1700,9.744,dB/100m,20,S011,Attenuation tablosu,9.744,9.744064532,6.622706342e-06,
A0883,CS-LDF4-50A,1794,10.039,dB/100m,20,S011,Attenuation tablosu,10.039,10.03952681,5.24762119e-05,
A0884,CS-LDF4-50A,1800,10.058,dB/100m,20,S011,Attenuation tablosu,10.058,10.05817293,1.71933091e-05,
A0885,CS-LDF4-50A,2000,10.666,dB/100m,20,S011,Attenuation tablosu,10.666,10.66622194,2.080843321e-05,
A0886,CS-LDF4-50A,2100,10.961,dB/100m,20,S011,Attenuation tablosu,10.961,10.96117261,1.574778891e-05,
A0887,CS-LDF4-50A,2200,11.251,dB/100m,20,S011,Attenuation tablosu,11.251,11.25064751,-3.132948112e-05,
A0888,CS-LDF4-50A,2300,11.535,dB/100m,20,S011,Attenuation tablosu,11.535,11.53501604,1.390444341e-06,
A0889,CS-LDF4-50A,2500,12.09,dB/100m,20,S011,Attenuation tablosu,12.09,12.08971852,-2.328177651e-05,
A0890,CS-LDF4-50A,2700,12.627,dB/100m,20,S011,Attenuation tablosu,12.627,12.62753657,4.249381541e-05,
A0891,CS-LDF4-50A,3000,13.407,dB/100m,20,S011,Attenuation tablosu,13.407,13.40655388,-3.327516628e-05,
A0892,CS-LDF4-50A,3400,14.401,dB/100m,20,S011,Attenuation tablosu,14.401,14.40093095,-4.795107851e-06,
A0893,CS-LDF4-50A,3600,14.882,dB/100m,20,S011,Attenuation tablosu,14.882,14.88165841,-2.295320485e-05,
A0894,CS-LDF4-50A,3700,15.118,dB/100m,20,S011,Attenuation tablosu,15.118,15.1183118,2.062436766e-05,
A0895,CS-LDF4-50A,3800,15.353,dB/100m,20,S011,Attenuation tablosu,15.353,15.35262494,-2.44293459e-05,
A0896,CS-LDF4-50A,3900,15.585,dB/100m,20,S011,Attenuation tablosu,15.585,15.58468962,-1.99155485e-05,
A0897,CS-LDF4-50A,4000,15.815,dB/100m,20,S011,Attenuation tablosu,15.815,15.81459179,-2.581188478e-05,
A0898,CS-LDF4-50A,4100,16.042,dB/100m,20,S011,Attenuation tablosu,16.042,16.04241205,2.568564851e-05,
A0899,CS-LDF4-50A,4200,16.268,dB/100m,20,S011,Attenuation tablosu,16.268,16.26822613,1.39001946e-05,
A0900,CS-LDF4-50A,4300,16.492,dB/100m,20,S011,Attenuation tablosu,16.492,16.49210526,6.382538293e-06,
A0901,CS-LDF4-50A,4400,16.714,dB/100m,20,S011,Attenuation tablosu,16.714,16.71411657,6.974149498e-06,
A0902,CS-LDF4-50A,4500,16.934,dB/100m,20,S011,Attenuation tablosu,16.934,16.93432337,1.909591181e-05,
A0903,CS-LDF4-50A,4600,17.153,dB/100m,20,S011,Attenuation tablosu,17.153,17.1527855,-1.25050705e-05,
A0904,CS-LDF4-50A,4700,17.37,dB/100m,20,S011,Attenuation tablosu,17.37,17.36955955,-2.535697041e-05,
A0905,CS-LDF4-50A,4800,17.585,dB/100m,20,S011,Attenuation tablosu,17.585,17.58469911,-1.711035665e-05,
A0906,CS-LDF4-50A,4900,17.798,dB/100m,20,S011,Attenuation tablosu,17.798,17.79825502,1.432831175e-05,
A0907,CS-LDF4-50A,5000,18.01,dB/100m,20,S011,Attenuation tablosu,18.01,18.01027549,1.529660754e-05,
A0908,CS-LDF4-50A,6000,20.055,dB/100m,20,S011,Attenuation tablosu,20.055,20.05511745,5.856351595e-06,
A0909,CS-LDF4-50A,8000,23.826,dB/100m,20,S011,Attenuation tablosu,23.826,23.82570839,-1.223929276e-05,
A0910,CS-LDF4-50A,8800,25.244,dB/100m,20,S011,Attenuation tablosu,25.244,25.24387296,-5.032453793e-06,
A0911,TMS-LMR900,30,0.288,dB/100ft,25,S001,"Attenuation tablosu (+25°C), LMR900 sütunu",0.9448818898,0.9448908567,9.489985368e-06,
A0912,TMS-LMR900,50,0.374,dB/100ft,25,S001,"Attenuation tablosu (+25°C), LMR900 sütunu",1.227034121,1.226697448,-0.0002743788889,
A0913,TMS-LMR900,150,0.658,dB/100ft,25,S001,"Attenuation tablosu (+25°C), LMR900 sütunu",2.158792651,2.159585588,0.0003673056266,
A0914,TMS-LMR900,220,0.803,dB/100ft,25,S001,"Attenuation tablosu (+25°C), LMR900 sütunu",2.634514436,2.635552078,0.0003938648526,
A0915,TMS-LMR900,450,1.17,dB/100ft,25,S001,"Attenuation tablosu (+25°C), LMR900 sütunu",3.838582677,3.839269303,0.0001788748345,
A0916,TMS-LMR900,700,1.48,dB/100ft,25,S001,"Attenuation tablosu (+25°C), LMR900 sütunu",4.855643045,4.859302327,0.0007536142896,
A0917,TMS-LMR900,900,1.7,dB/100ft,25,S001,"Attenuation tablosu (+25°C), LMR900 sütunu",5.577427822,5.564006576,-0.002406350415,
A0918,TMS-LMR900,1500,2.24,dB/100ft,25,S001,"Attenuation tablosu (+25°C), LMR900 sütunu",7.349081365,7.354596132,0.0007504023146,
A0919,TMS-LMR900,2000,2.63,dB/100ft,25,S001,"Attenuation tablosu (+25°C), LMR900 sütunu",8.628608924,8.627960503,-7.514784159e-05,
A0920,TMS-LMR900,2500,2.98,dB/100ft,25,S001,"Attenuation tablosu (+25°C), LMR900 sütunu",9.776902887,9.779786229,0.0002949136472,
A0921,TMS-LMR1200,30,0.209,dB/100ft,25,S001,"Attenuation tablosu (+25°C), LMR1200 sütunu",0.6856955381,0.6855378646,-0.000229946706,
A0922,TMS-LMR1200,50,0.272,dB/100ft,25,S001,"Attenuation tablosu (+25°C), LMR1200 sütunu",0.8923884514,0.8919011427,-0.0005460724427,
A0923,TMS-LMR1200,150,0.481,dB/100ft,25,S001,"Attenuation tablosu (+25°C), LMR1200 sütunu",1.57808399,1.58017418,0.001324511845,
A0924,TMS-LMR1200,220,0.589,dB/100ft,25,S001,"Attenuation tablosu (+25°C), LMR1200 sütunu",1.932414698,1.934218166,0.0009332717173,
A0925,TMS-LMR1200,450,0.864,dB/100ft,25,S001,"Attenuation tablosu (+25°C), LMR1200 sütunu",2.834645669,2.837637284,0.001055375095,
A0926,TMS-LMR1200,700,1.1,dB/100ft,25,S001,"Attenuation tablosu (+25°C), LMR1200 sütunu",3.608923885,3.611563316,0.0007313624936,
A0927,TMS-LMR1200,900,1.27,dB/100ft,25,S001,"Attenuation tablosu (+25°C), LMR1200 sütunu",4.166666667,4.150384059,-0.003907825824,
A0928,TMS-LMR1200,1500,1.69,dB/100ft,25,S001,"Attenuation tablosu (+25°C), LMR1200 sütunu",5.544619423,5.533421,-0.002019691801,
A0929,TMS-LMR1200,2000,1.99,dB/100ft,25,S001,"Attenuation tablosu (+25°C), LMR1200 sütunu",6.528871391,6.528089971,-0.0001196868699,
A0930,TMS-LMR1200,2500,2.26,dB/100ft,25,S001,"Attenuation tablosu (+25°C), LMR1200 sütunu",7.414698163,7.435067569,0.002747165884,
A0931,CS-LDF5-50A,0.5,0.081,dB/100m,20,S035,Attenuation and Average Power Ratings,0.081,0.08116338987,0.002017158887,
A0932,CS-LDF5-50A,1,0.115,dB/100m,20,S035,Attenuation and Average Power Ratings,0.115,0.1148807918,-0.00103659323,
A0933,CS-LDF5-50A,1.5,0.141,dB/100m,20,S035,Attenuation and Average Power Ratings,0.141,0.1408114336,-0.001337350093,
A0934,CS-LDF5-50A,2,0.163,dB/100m,20,S035,Attenuation and Average Power Ratings,0.163,0.1627113519,-0.001770847276,
A0935,CS-LDF5-50A,10,0.366,dB/100m,20,S035,Attenuation and Average Power Ratings,0.366,0.3664623198,0.001263168879,
A0936,CS-LDF5-50A,20,0.521,dB/100m,20,S035,Attenuation and Average Power Ratings,0.521,0.5211465157,0.0002812202467,
A0937,CS-LDF5-50A,30,0.641,dB/100m,20,S035,Attenuation and Average Power Ratings,0.641,0.6410072621,1.132931958e-05,
A0938,CS-LDF5-50A,50,0.833,dB/100m,20,S035,Attenuation and Average Power Ratings,0.833,0.8331572954,0.0001888299565,
A0939,CS-LDF5-50A,88,1.116,dB/100m,20,S035,Attenuation and Average Power Ratings,1.116,1.116141004,0.0001263475697,
A0940,CS-LDF5-50A,100,1.193,dB/100m,20,S035,Attenuation and Average Power Ratings,1.193,1.192909124,-7.617475042e-05,
A0941,CS-LDF5-50A,108,1.242,dB/100m,20,S035,Attenuation and Average Power Ratings,1.242,1.241748456,-0.0002025317867,
A0942,CS-LDF5-50A,150,1.475,dB/100m,20,S035,Attenuation and Average Power Ratings,1.475,1.474793351,-0.0001401008885,
A0943,CS-LDF5-50A,174,1.594,dB/100m,20,S035,Attenuation and Average Power Ratings,1.594,1.594636072,0.0003990414692,
A0944,CS-LDF5-50A,200,1.716,dB/100m,20,S035,Attenuation and Average Power Ratings,1.716,1.716370343,0.0002158175077,
A0945,CS-LDF5-50A,300,2.13,dB/100m,20,S035,Attenuation and Average Power Ratings,2.13,2.129710145,-0.0001360819418,
A0946,CS-LDF5-50A,400,2.486,dB/100m,20,S035,Attenuation and Average Power Ratings,2.486,2.486046908,1.886896758e-05,
A0947,CS-LDF5-50A,450,2.65,dB/100m,20,S035,Attenuation and Average Power Ratings,2.65,2.649756299,-9.196248872e-05,
A0948,CS-LDF5-50A,500,2.806,dB/100m,20,S035,Attenuation and Average Power Ratings,2.806,2.805955587,-1.582776705e-05,
A0949,CS-LDF5-50A,512,2.842,dB/100m,20,S035,Attenuation and Average Power Ratings,2.842,2.84245424,0.0001598310366,
A0950,CS-LDF5-50A,600,3.1,dB/100m,20,S035,Attenuation and Average Power Ratings,3.1,3.099988273,-3.783013254e-06,
A0951,CS-LDF5-50A,700,3.374,dB/100m,20,S035,Attenuation and Average Power Ratings,3.374,3.37441339,0.0001225222013,
A0952,CS-LDF5-50A,800,3.633,dB/100m,20,S035,Attenuation and Average Power Ratings,3.633,3.633315165,8.675062997e-05,
A0953,CS-LDF5-50A,824,3.693,dB/100m,20,S035,Attenuation and Average Power Ratings,3.693,3.693475659,0.0001288000601,
A0954,CS-LDF5-50A,860,3.782,dB/100m,20,S035,Attenuation and Average Power Ratings,3.782,3.782421011,0.000111319767,
A0955,CS-LDF5-50A,894,3.865,dB/100m,20,S035,Attenuation and Average Power Ratings,3.865,3.865074839,1.936315998e-05,
A0956,CS-LDF5-50A,960,4.022,dB/100m,20,S035,Attenuation and Average Power Ratings,4.022,4.022052749,1.311503689e-05,
A0957,CS-LDF5-50A,1000,4.115,dB/100m,20,S035,Attenuation and Average Power Ratings,4.115,4.115124967,3.036872847e-05,
A0958,CS-LDF5-50A,1250,4.667,dB/100m,20,S035,Attenuation and Average Power Ratings,4.667,4.66704694,1.005779828e-05,
A0959,CS-LDF5-50A,1500,5.178,dB/100m,20,S035,Attenuation and Average Power Ratings,5.178,5.178055374,1.069405761e-05,
A0960,CS-LDF5-50A,1640,5.45,dB/100m,20,S035,Attenuation and Average Power Ratings,5.45,5.450207375,3.805046062e-05,
A0961,CS-LDF5-50A,1700,5.564,dB/100m,20,S035,Attenuation and Average Power Ratings,5.564,5.564195675,3.51680693e-05,
A0962,CS-LDF5-50A,1800,5.751,dB/100m,20,S035,Attenuation and Average Power Ratings,5.751,5.750951624,-8.411837485e-06,
A0963,CS-LDF5-50A,2000,6.114,dB/100m,20,S035,Attenuation and Average Power Ratings,6.114,6.113523108,-7.799994173e-05,
A0964,CS-LDF5-50A,2100,6.29,dB/100m,20,S035,Attenuation and Average Power Ratings,6.29,6.289886569,-1.803354383e-05,
A0965,CS-LDF5-50A,2200,6.463,dB/100m,20,S035,Attenuation and Average Power Ratings,6.463,6.463279591,4.326030678e-05,
A0966,CS-LDF5-50A,2300,6.634,dB/100m,20,S035,Attenuation and Average Power Ratings,6.634,6.633902561,-1.468785647e-05,
A0967,CS-LDF5-50A,2500,6.968,dB/100m,20,S035,Attenuation and Average Power Ratings,6.968,6.967535171,-6.670905411e-05,
A0968,CS-LDF5-50A,2700,7.292,dB/100m,20,S035,Attenuation and Average Power Ratings,7.292,7.292008486,1.163716046e-06,
A0969,CS-LDF5-50A,3000,7.764,dB/100m,20,S035,Attenuation and Average Power Ratings,7.764,7.763686753,-4.034602539e-05,
A0970,CS-LDF5-50A,3300,8.22,dB/100m,20,S035,Attenuation and Average Power Ratings,8.22,8.219669913,-4.015652851e-05,
A0971,CS-LDF5-50A,3400,8.369,dB/100m,20,S035,Attenuation and Average Power Ratings,8.369,8.368552824,-5.343244259e-05,
A0972,CS-LDF5-50A,4000,9.234,dB/100m,20,S035,Attenuation and Average Power Ratings,9.234,9.233590959,-4.429725562e-05,
A0973,CS-LDF5-50A,4900,10.458,dB/100m,20,S035,Attenuation and Average Power Ratings,10.458,10.4569231,-0.0001029734107,
A0974,CS-LDF5-50A,5000,10.589,dB/100m,20,S035,Attenuation and Average Power Ratings,10.589,10.58829945,-6.615833827e-05,
A0975,TMS-LMR1700,30,0.149,dB/100ft,25,S001,"Attenuation tablosu (+25°C), LMR1700 sütunu",0.4888451444,0.489381259,0.001096696202,
A0976,TMS-LMR1700,50,0.195,dB/100ft,25,S001,"Attenuation tablosu (+25°C), LMR1700 sütunu",0.6397637795,0.6383735623,-0.002173016462,
A0977,TMS-LMR1700,150,0.347,dB/100ft,25,S001,"Attenuation tablosu (+25°C), LMR1700 sütunu",1.138451444,1.140076153,0.001427121884,
A0978,TMS-LMR1700,220,0.427,dB/100ft,25,S001,"Attenuation tablosu (+25°C), LMR1700 sütunu",1.400918635,1.400811748,-7.629792596e-05,
A0979,TMS-LMR1700,450,0.632,dB/100ft,25,S001,"Attenuation tablosu (+25°C), LMR1700 sütunu",2.073490814,2.073504819,6.754324314e-06,
A0980,TMS-LMR1700,700,0.809,dB/100ft,25,S001,"Attenuation tablosu (+25°C), LMR1700 sütunu",2.654199475,2.657374331,0.001196163348,
A0981,TMS-LMR1700,900,0.936,dB/100ft,25,S001,"Attenuation tablosu (+25°C), LMR1700 sütunu",3.070866142,3.067596254,-0.001064809553,
A0982,TMS-LMR1700,1500,1.26,dB/100ft,25,S001,"Attenuation tablosu (+25°C), LMR1700 sütunu",4.133858268,4.132976377,-0.0002133335447,
A0983,TMS-LMR1700,2000,1.5,dB/100ft,25,S001,"Attenuation tablosu (+25°C), LMR1700 sütunu",4.921259843,4.90901309,-0.002488540126,
A0984,TMS-LMR1700,2500,1.71,dB/100ft,25,S001,"Attenuation tablosu (+25°C), LMR1700 sütunu",5.61023622,5.622956594,0.002267350717,
A0985,CS-LDF6-50,0.5,0.053,dB/100m,20,S036,Attenuation and Average Power Ratings,0.053,0.0529512371,-0.0009200546743,
A0986,CS-LDF6-50,1,0.075,dB/100m,20,S036,Attenuation and Average Power Ratings,0.075,0.07513154763,0.001753968405,
A0987,CS-LDF6-50,1.5,0.092,dB/100m,20,S036,Attenuation and Average Power Ratings,0.092,0.09220153866,0.002190637654,
A0988,CS-LDF6-50,2,0.107,dB/100m,20,S036,Attenuation and Average Power Ratings,0.107,0.1066262337,-0.003493143228,
A0989,CS-LDF6-50,10,0.241,dB/100m,20,S036,Attenuation and Average Power Ratings,0.241,0.241178922,0.0007424147392,
A0990,CS-LDF6-50,20,0.344,dB/100m,20,S036,Attenuation and Average Power Ratings,0.344,0.3437385038,-0.0007601632693,
A0991,CS-LDF6-50,30,0.423,dB/100m,20,S036,Attenuation and Average Power Ratings,0.423,0.4234440422,0.001049745074,
A0992,CS-LDF6-50,50,0.552,dB/100m,20,S036,Attenuation and Average Power Ratings,0.552,0.5516347711,-0.0006616465707,
A0993,CS-LDF6-50,88,0.741,dB/100m,20,S036,Attenuation and Average Power Ratings,0.741,0.7413154196,0.0004256674111,
A0994,CS-LDF6-50,100,0.793,dB/100m,20,S036,Attenuation and Average Power Ratings,0.793,0.7929485824,-6.483931413e-05,
A0995,CS-LDF6-50,108,0.826,dB/100m,20,S036,Attenuation and Average Power Ratings,0.826,0.8258353727,-0.0001993066426,
A0996,CS-LDF6-50,150,0.983,dB/100m,20,S036,Attenuation and Average Power Ratings,0.983,0.9831591988,0.0001619519955,
A0997,CS-LDF6-50,174,1.06,dB/100m,20,S036,Attenuation and Average Power Ratings,1.06,1.064313036,0.004068901742,
A0998,CS-LDF6-50,200,1.15,dB/100m,20,S036,Attenuation and Average Power Ratings,1.15,1.146916855,-0.002680995682,
A0999,CS-LDF6-50,300,1.43,dB/100m,20,S036,Attenuation and Average Power Ratings,1.43,1.428614296,-0.00096902368,
A1000,CS-LDF6-50,400,1.67,dB/100m,20,S036,Attenuation and Average Power Ratings,1.67,1.672901602,0.001737486337,
A1001,CS-LDF6-50,450,1.79,dB/100m,20,S036,Attenuation and Average Power Ratings,1.79,1.785556063,-0.002482646149,
A1002,CS-LDF6-50,500,1.89,dB/100m,20,S036,Attenuation and Average Power Ratings,1.89,1.89328177,0.001736386399,
A1003,CS-LDF6-50,512,1.92,dB/100m,20,S036,Attenuation and Average Power Ratings,1.92,1.91848676,-0.0007881458204,
A1004,CS-LDF6-50,600,2.1,dB/100m,20,S036,Attenuation and Average Power Ratings,2.1,2.09667996,-0.001580971661,
A1005,CS-LDF6-50,700,2.29,dB/100m,20,S036,Attenuation and Average Power Ratings,2.29,2.287210032,-0.001218326657,
A1006,CS-LDF6-50,800,2.47,dB/100m,20,S036,Attenuation and Average Power Ratings,2.47,2.467552396,-0.0009909326417,
A1007,CS-LDF6-50,824,2.51,dB/100m,20,S036,Attenuation and Average Power Ratings,2.51,2.509537793,-0.0001841463569,
A1008,CS-LDF6-50,894,2.63,dB/100m,20,S036,Attenuation and Average Power Ratings,2.63,2.629456087,-0.00020681093,
A1009,CS-LDF6-50,960,2.74,dB/100m,20,S036,Attenuation and Average Power Ratings,2.74,2.739361509,-0.0002330258905,
A1010,CS-LDF6-50,1000,2.8,dB/100m,20,S036,Attenuation and Average Power Ratings,2.8,2.804615035,0.00164822662,
A1011,CS-LDF6-50,1250,3.19,dB/100m,20,S036,Attenuation and Average Power Ratings,3.19,3.192905854,0.0009109259913,
A1012,CS-LDF6-50,1500,3.55,dB/100m,20,S036,Attenuation and Average Power Ratings,3.55,3.554345807,0.001224170999,
A1013,CS-LDF6-50,1700,3.83,dB/100m,20,S036,Attenuation and Average Power Ratings,3.83,3.828622163,-0.0003597486254,
A1014,CS-LDF6-50,2000,4.22,dB/100m,20,S036,Attenuation and Average Power Ratings,4.22,4.220424974,0.0001007048253,
A1015,CS-LDF6-50,2300,4.59,dB/100m,20,S036,Attenuation and Average Power Ratings,4.59,4.593229714,0.0007036413132,
A1016,CS-LDF6-50,3000,5.41,dB/100m,20,S036,Attenuation and Average Power Ratings,5.41,5.407694479,-0.000426159211,
A1017,CS-LDF6-50,3300,5.74,dB/100m,20,S036,Attenuation and Average Power Ratings,5.74,5.738237016,-0.0003071401462,
A1018,CS-LDF7-50A,0.5,0.044,dB/100m,20,S037,Attenuation and Average Power Ratings,0.044,0.04413190728,0.002997892686,
A1019,CS-LDF7-50A,1,0.063,dB/100m,20,S037,Attenuation and Average Power Ratings,0.063,0.06269253394,-0.004880413637,
A1020,CS-LDF7-50A,1.5,0.077,dB/100m,20,S037,Attenuation and Average Power Ratings,0.077,0.07698752168,-0.0001620561082,
A1021,CS-LDF7-50A,2,0.089,dB/100m,20,S037,Attenuation and Average Power Ratings,0.089,0.08907445223,0.0008365419366,
A1022,CS-LDF7-50A,10,0.202,dB/100m,20,S037,Attenuation and Average Power Ratings,0.202,0.2021307428,0.000647241617,
A1023,CS-LDF7-50A,20,0.289,dB/100m,20,S037,Attenuation and Average Power Ratings,0.289,0.2886679684,-0.001148898189,
A1024,CS-LDF7-50A,30,0.356,dB/100m,20,S037,Attenuation and Average Power Ratings,0.356,0.3561286768,0.0003614517902,
A1025,CS-LDF7-50A,50,0.465,dB/100m,20,S037,Attenuation and Average Power Ratings,0.465,0.4649901319,-2.12216744e-05,
A1026,CS-LDF7-50A,88,0.627,dB/100m,20,S037,Attenuation and Average Power Ratings,0.627,0.6268512287,-0.000237274853,
A1027,CS-LDF7-50A,100,0.671,dB/100m,20,S037,Attenuation and Average Power Ratings,0.671,0.6710655486,9.768795541e-05,
A1028,CS-LDF7-50A,108,0.699,dB/100m,20,S037,Attenuation and Average Power Ratings,0.699,0.6992602151,0.0003722677304,
A1029,CS-LDF7-50A,150,0.834,dB/100m,20,S037,Attenuation and Average Power Ratings,0.834,0.8344845761,0.0005810264692,
A1030,CS-LDF7-50A,174,0.904,dB/100m,20,S037,Attenuation and Average Power Ratings,0.904,0.9044556826,0.000504073692,
A1031,CS-LDF7-50A,200,0.976,dB/100m,20,S037,Attenuation and Average Power Ratings,0.976,0.9758230317,-0.0001813200087,
A1032,CS-LDF7-50A,300,1.22,dB/100m,20,S037,Attenuation and Average Power Ratings,1.22,1.220255271,0.0002092381481,
A1033,CS-LDF7-50A,400,1.433,dB/100m,20,S037,Attenuation and Average Power Ratings,1.433,1.433460865,0.0003216086665,
A1034,CS-LDF7-50A,450,1.532,dB/100m,20,S037,Attenuation and Average Power Ratings,1.532,1.532142932,9.329737333e-05,
A1035,CS-LDF7-50A,500,1.626,dB/100m,20,S037,Attenuation and Average Power Ratings,1.626,1.626710913,0.0004372161328,
A1036,CS-LDF7-50A,512,1.649,dB/100m,20,S037,Attenuation and Average Power Ratings,1.649,1.648865352,-8.165459349e-05,
A1037,CS-LDF7-50A,600,1.806,dB/100m,20,S037,Attenuation and Average Power Ratings,1.806,1.80578592,-0.0001185380466,
A1038,CS-LDF7-50A,700,1.974,dB/100m,20,S037,Attenuation and Average Power Ratings,1.974,1.974119771,6.067424951e-05,
A1039,CS-LDF7-50A,800,2.134,dB/100m,20,S037,Attenuation and Average Power Ratings,2.134,2.133949832,-2.35090747e-05,
A1040,CS-LDF7-50A,824,2.171,dB/100m,20,S037,Attenuation and Average Power Ratings,2.171,2.171226617,0.0001043838152,
A1041,CS-LDF7-50A,860,2.226,dB/100m,20,S037,Attenuation and Average Power Ratings,2.226,2.226432174,0.0001941481333,
A1042,CS-LDF7-50A,894,2.278,dB/100m,20,S037,Attenuation and Average Power Ratings,2.278,2.277831152,-7.41212468e-05,
A1043,CS-LDF7-50A,960,2.376,dB/100m,20,S037,Attenuation and Average Power Ratings,2.376,2.37570598,-0.0001237459659,
A1044,CS-LDF7-50A,1000,2.434,dB/100m,20,S037,Attenuation and Average Power Ratings,2.434,2.433892339,-4.423232334e-05,
A1045,CS-LDF7-50A,1250,2.781,dB/100m,20,S037,Attenuation and Average Power Ratings,2.781,2.781243732,8.764180061e-05,
A1046,CS-LDF7-50A,1500,3.106,dB/100m,20,S037,Attenuation and Average Power Ratings,3.106,3.106182417,5.873047737e-05,
A1047,CS-LDF7-50A,1640,3.281,dB/100m,20,S037,Attenuation and Average Power Ratings,3.281,3.280471818,-0.0001609819415,
A1048,CS-LDF7-50A,1700,3.354,dB/100m,20,S037,Attenuation and Average Power Ratings,3.354,3.353716535,-8.451547858e-05,
A1049,CS-LDF7-50A,1800,3.474,dB/100m,20,S037,Attenuation and Average Power Ratings,3.474,3.474024632,7.09044751e-06,
A1050,CS-LDF7-50A,2000,3.709,dB/100m,20,S037,Attenuation and Average Power Ratings,3.709,3.708647596,-9.501318933e-05,
A1051,CS-LDF7-50A,2100,3.824,dB/100m,20,S037,Attenuation and Average Power Ratings,3.824,3.823262619,-0.0001928296707,
A1052,CS-LDF7-50A,2200,3.937,dB/100m,20,S037,Attenuation and Average Power Ratings,3.937,3.936250417,-0.0001903945267,
A1053,CS-LDF7-50A,2300,4.048,dB/100m,20,S037,Attenuation and Average Power Ratings,4.048,4.047720761,-6.898203245e-05,
A1054,CS-LDF7-50A,2500,4.267,dB/100m,20,S037,Attenuation and Average Power Ratings,4.267,4.266490817,-0.0001193304726,
A1055,BEL-83264,1,3,dB/100ft,,S043,Attenuation / Power Rating tabloları,9.842519685,10.26104035,0.04252169935,
A1056,BEL-83264,10,5.3,dB/100ft,,S043,Attenuation / Power Rating tabloları,17.38845144,16.11417595,-0.07328286228,
A1057,BEL-83264,50,8.5,dB/100ft,,S043,Attenuation / Power Rating tabloları,27.88713911,26.19273647,-0.06075928506,
A1058,BEL-83264,100,10,dB/100ft,,S043,Attenuation / Power Rating tabloları,32.80839895,33.32091538,0.01562150089,
A1059,BEL-83264,200,12.5,dB/100ft,,S043,Attenuation / Power Rating tabloları,41.01049869,42.78176609,0.04319058437,
A1060,BEL-83264,400,16,dB/100ft,,S043,Attenuation / Power Rating tabloları,52.49343832,54.92159631,0.04625640966,
A1061,BEL-83264,700,19.7,dB/100ft,,S043,Attenuation / Power Rating tabloları,64.63254593,66.62093295,0.0307644854,
A1062,BEL-83264,900,22.3,dB/100ft,,S043,Attenuation / Power Rating tabloları,73.16272966,72.28922202,-0.01193924338,
A1063,BEL-83264,1000,24,dB/100ft,,S043,Attenuation / Power Rating tabloları,78.74015748,74.70839782,-0.0512033477,
A1064,BEL-8263,1,0.6,dB/100ft,,S044,High Frequency - Nom. Insertion Loss,1.968503937,1.909707046,-0.02986882061,
A1065,BEL-8263,10,1.1,dB/100ft,,S044,High Frequency - Nom. Insertion Loss,3.608923885,3.889550953,0.07775920949,
A1066,BEL-8263,50,2.4,dB/100ft,,S044,High Frequency - Nom. Insertion Loss,7.874015748,7.732618806,-0.01795741159,
A1067,BEL-8263,100,3.4,dB/100ft,,S044,High Frequency - Nom. Insertion Loss,11.15485564,10.83516131,-0.02865965649,
A1068,BEL-8263,200,4.9,dB/100ft,,S044,High Frequency - Nom. Insertion Loss,16.07611549,15.54874231,-0.03280476403,
A1069,BEL-8263,400,7,dB/100ft,,S044,High Frequency - Nom. Insertion Loss,22.96587927,22.8665991,-0.0043229419,
A1070,BEL-8263,700,9.7,dB/100ft,,S044,High Frequency - Nom. Insertion Loss,31.82414698,31.81850966,-0.0001771396052,
A1071,BEL-8263,900,11.1,dB/100ft,,S044,High Frequency - Nom. Insertion Loss,36.41732283,37.12358046,0.01939345255,
A1072,BEL-8263,1000,12,dB/100ft,,S044,High Frequency - Nom. Insertion Loss,39.37007874,39.64705181,0.00703511594,
A1073,BEL-8261,1,0.2,dB/100ft,,S047,Attenuation tablosu,0.656167979,0.669040845,0.01961824786,
A1074,BEL-8261,10,0.7,dB/100ft,,S047,Attenuation tablosu,2.296587927,2.038287576,-0.1124713526,
A1075,BEL-8261,50,1.3,dB/100ft,,S047,Attenuation tablosu,4.265091864,4.601445205,0.07886192191,
A1076,BEL-8261,100,2,dB/100ft,,S047,Attenuation tablosu,6.56167979,6.596289024,0.005274447275,
A1077,BEL-8261,200,2.9,dB/100ft,,S047,Attenuation tablosu,9.514435696,9.525969344,0.001212226218,
A1078,BEL-8261,400,4.2,dB/100ft,,S047,Attenuation tablosu,13.77952756,13.88625326,0.007745236414,
A1079,BEL-8261,700,5.8,dB/100ft,,S047,Attenuation tablosu,19.02887139,18.98760695,-0.002168517351,
A1080,BEL-8261,900,6.8,dB/100ft,,S047,Attenuation tablosu,22.30971129,21.91741004,-0.01758432634,
A1081,BEL-8261,1000,7.1,dB/100ft,,S047,Attenuation tablosu,23.29396325,23.29058617,-0.0001449769459,
A1082,BEL-1694A,1,0.24,dB/100ft,,S045,Attenuation tablosu,0.7874015748,0.8684515279,0.1029334404,
A1083,BEL-1694A,3.58,0.44,dB/100ft,,S045,Attenuation tablosu,1.443569554,1.420496947,-0.01598302377,
A1084,BEL-1694A,5,0.52,dB/100ft,,S045,Attenuation tablosu,1.706036745,1.633879765,-0.04229509141,
A1085,BEL-1694A,6,0.57,dB/100ft,,S045,Attenuation tablosu,1.87007874,1.766418677,-0.05543085488,
A1086,BEL-1694A,7,0.61,dB/100ft,,S045,Attenuation tablosu,2.001312336,1.888399206,-0.05641954434,
A1087,BEL-1694A,10,0.71,dB/100ft,,S045,Attenuation tablosu,2.329396325,2.209881433,-0.05130723815,
A1088,BEL-1694A,12,0.78,dB/100ft,,S045,Attenuation tablosu,2.559055118,2.3980368,-0.06292100435,
A1089,BEL-1694A,25,1.08,dB/100ft,,S045,Attenuation tablosu,3.543307087,3.358962256,-0.05202620781,
A1090,BEL-1694A,67.5,1.65,dB/100ft,,S045,Attenuation tablosu,5.413385827,5.389636611,-0.004387127815,
A1091,BEL-1694A,71.5,1.69,dB/100ft,,S045,Attenuation tablosu,5.544619423,5.542157112,-0.0004440900306,
A1092,BEL-1694A,88.5,1.86,dB/100ft,,S045,Attenuation tablosu,6.102362205,6.148516917,0.007563417435,
A1093,BEL-1694A,100,1.95,dB/100ft,,S045,Attenuation tablosu,6.397637795,6.527183549,0.02024899788,
A1094,BEL-1694A,135,2.24,dB/100ft,,S045,Attenuation tablosu,7.349081365,7.566138711,0.02953530312,
A1095,BEL-1694A,143,2.3,dB/100ft,,S045,Attenuation tablosu,7.545931759,7.784703432,0.03164243747,
A1096,BEL-1694A,180,2.57,dB/100ft,,S045,Attenuation tablosu,8.43175853,8.727167373,0.03503525885,
A1097,BEL-1694A,270,3.17,dB/100ft,,S045,Attenuation tablosu,10.40026247,10.69257771,0.0281065253,
A1098,BEL-1694A,360,3.69,dB/100ft,,S045,Attenuation tablosu,12.10629921,12.36678699,0.0215167143,
A1099,BEL-1694A,540,4.5,dB/100ft,,S045,Attenuation tablosu,14.76377953,15.21083056,0.03028025641,
A1100,BEL-1694A,720,5.3,dB/100ft,,S045,Attenuation tablosu,17.38845144,17.64305365,0.01464202873,
A1101,BEL-1694A,750,5.4,dB/100ft,,S045,Attenuation tablosu,17.71653543,18.02021929,0.01714126675,
A1102,BEL-1694A,1000,6.3,dB/100ft,,S045,Attenuation tablosu,20.66929134,20.93297451,0.01275724307,
A1103,BEL-1694A,1500,7.8,dB/100ft,,S045,Attenuation tablosu,25.59055118,25.91785993,0.01279021896,
A1104,BEL-1694A,2000,9.2,dB/100ft,,S045,Attenuation tablosu,30.18372703,30.2163779,0.001081737509,
A1105,BEL-1694A,2250,9.8,dB/100ft,,S045,Attenuation tablosu,32.15223097,32.19153775,0.001222520955,
A1106,BEL-1694A,3000,11.5,dB/100ft,,S045,Attenuation tablosu,37.72965879,37.62459054,-0.002784765421,
A1107,BEL-1694A,4500,14.5,dB/100ft,,S045,Attenuation tablosu,47.57217848,47.0346909,-0.01129835964,
A1108,BEL-1694A,6000,17.7,dB/100ft,,S045,Attenuation tablosu,58.07086614,55.25596795,-0.04847350106,
A1109,BEL-9292,1,0.2,dB/100ft,,S046,Attenuation tablosu,0.656167979,0.6796122728,0.03572910382,
A1110,BEL-9292,10,0.5,dB/100ft,,S046,Attenuation tablosu,1.640419948,1.469104219,-0.1044340683,
A1111,BEL-9292,50,0.9,dB/100ft,,S046,Attenuation tablosu,2.952755906,2.936144185,-0.005625835875,
A1112,BEL-9292,100,1.3,dB/100ft,,S046,Attenuation tablosu,4.265091864,4.069065636,-0.04596061078,
A1113,BEL-9292,200,1.6,dB/100ft,,S046,Attenuation tablosu,5.249343832,5.72045616,0.08974689855,
A1114,BEL-9292,400,2.3,dB/100ft,,S046,Attenuation tablosu,7.545931759,8.154270321,0.08061808433,
A1115,BEL-9292,700,3.3,dB/100ft,,S046,Attenuation tablosu,10.82677165,10.9708074,0.01330366508,
A1116,BEL-9292,900,4,dB/100ft,,S046,Attenuation tablosu,13.12335958,12.57541752,-0.04175318464,
A1117,BEL-9292,1000,4.3,dB/100ft,,S046,Attenuation tablosu,14.10761155,13.32455229,-0.05550615379,
A1118,BEL-9269,1,0.3,dB/100ft,,S021,Attenuation tablosu,0.9842519685,0.9907906588,0.006643309343,
A1119,BEL-9269,10,0.9,dB/100ft,,S021,Attenuation tablosu,2.952755906,2.871035565,-0.0276759554,
A1120,BEL-9269,50,1.9,dB/100ft,,S021,Attenuation tablosu,6.233595801,6.290400719,0.009112704857,
A1121,BEL-9269,100,2.7,dB/100ft,,S021,Attenuation tablosu,8.858267717,8.869822952,0.001304457671,
A1122,BEL-9269,200,3.8,dB/100ft,,S021,Attenuation tablosu,12.4671916,12.54286898,0.006070122628,
A1123,BEL-9269,400,5.3,dB/100ft,,S021,Attenuation tablosu,17.38845144,17.78772475,0.02296198177,
A1124,BEL-9269,700,7.3,dB/100ft,,S021,Attenuation tablosu,23.95013123,23.6378797,-0.01303757099,
A1125,BEL-9269,900,8.2,dB/100ft,,S021,Attenuation tablosu,26.90288714,26.87764915,-0.0009381146328,
A1126,BEL-9269,1000,8.7,dB/100ft,,S021,Attenuation tablosu,28.54330709,28.36896355,-0.006108035731,
